classToModify	xrefsToAdd	xrefsToRemove	equivalentToAdd	equivalentToRemove	Comments
UBERON:0005410		EMAPA:17596	NA	NA	
UBERON:0005411		EMAPA:17596	NA	NA	
UBERON:0004637	EMAPA:17596		NA	NA	
UBERON:0003061	EMAPA:16115		NA	NA	
UBERON:0011919		EMAPA:16115	NA	NA	
UBERON:0003304		EMAPA:16115	NA	NA	
UBERON:0001908		EMAPA:16678	NA	NA	
UBERON:0000171		EMAPA:17607	NA	NA	
UBERON:0002426		EMAPA:17748	NA	NA	
UBERON:0008196		EMAPA:17748	NA	NA	
UBERON:0001954		EMAPA:32772	NA	NA	
UBERON:0034673		EMAPA:35128 	NA	NA	
UBERON:2000347		ZFA:0000347	NA	NA	
UBERON:0003566		EMAPA:16098	NA	NA	
UBERON:0003310		EMAPA:16291	NA	NA	"complex issue,this change is enough? (EMAPA:16291 ""rhombomere 1 floor plate"" (which is indirectly part of the metencephalon) is mapped to both UBERON:0003310 ""floor plate of metencephalon"" and UBERON:0005566 ""rhombomere 1 floor plate"", which is correct, but necessary only because UBERON:0005499 ""rhombomere 1"" is not part of UBERON:0001895 ""metencephalon"" in Uberon for this species. It would be better to add GCI part_of relations to rhombomeres and rhombomere floor plates, and to keep only the xref to UBERON:0005566 ""rhombomere 1 floor plate"".)"
UBERON:0003310		EMAPA:16294	NA	NA	
UBERON:0003302		EMAPA:16483	NA	NA	
UBERON:0003302		EMAPA:16487	NA	NA	
UBERON:0005875		EMAPA:16762	NA	NA	"Should I add the GCI relationship? (same for EMAPA:16762 ""4th branchial groove ectoderm"", keep only xref to UBERON:0005662 ""4th arch ectoderm"", and add GCI relations to reach UBERON:0006846 surface groove, without needing the xref to UBERON:0005875 ""4th arch pharyngeal cleft"")"
UBERON:0002425		EMAPA:16589	NA	NA	"Should I add the GCI relationship? (EMAPA:16589 ""visceral pericardium"" part ""pericardium"", indirectly part of ""serous pericardium"", synonym ""pericardium visceral mesothelium"", xref to UBERON:0007186 ""pericardial visceral mesothelium"" and UBERON:0002425 ""visceral serous pericardium"". I guess this is because UBERON:0007186 is not part of ""serous pericardium"". Would be better to add a GCI relation and keep only the xref to UBERON:0007186.)"
UBERON:0003241		EMAPA:17298	NA	NA	
UBERON:0003241		EMAPA:17301	NA	NA	
UBERON:0010741		EMAPA:32623	NA	NA	"Should I add the GCI relationship? (EMAPA:32623 ""forelimb skeleton"" mapped to both UBERON:0010741 ""bone of pectoral complex"" and UBERON:0001440 ""forelimb skeleton"". Why UBERON:0010741? Need a GCI relation? Keep UBERON:0001440)"
UBERON:0010742		EMAPA:32633	NA	NA	"Should I add the GCI relationship? (EMAPA:32633 ""hindlimb skeleton"": same as EMAPA:32623)"
UBERON:0002895		EMAPA:35313	NA	NA	
UBERON:0001329		EMAPA:29794	NA	NA	"Should I add the GCI relationship? (EMAPA:29794 ""anterior prostate gland"" has synonym ""coagulating gland"": xref to both UBERON:0008807 ""coagulating gland"" and UBERON:0001329 ""prostate gland anterior lobe"". Since the definition of UBERON:0008807 seem more rodent-specific, I arbitrarily chose to use it. Maybe we could have a GCI is_a relation to UBERON:0001329?)"
UBERON:0007812		EMAPA:16748	NA	NA	
UBERON:0009676		EMAPA:16914	NA	NA	
UBERON:0013240		EMAPA:19170	NA	NA	
UBERON:0005101		EMAPA:28393	NA	NA	
UBERON:0005102		EMAPA:28393	NA	NA	
CL:0000025	FBbt:00000034		NA	NA	
UBERON:0002711	ZFA:0005850		NA	NA	
UBERON:0005075	XAO:0005027		NA	NA	
FBbt:00016687	FBbt:00111150		NA	NA	
FBbt:00016687	FBbt:00111198		NA	NA	
UBERON:0000939	FBbt:00111521		NA	NA	Has uberon parent now
UBERON:6001780	FBbt:00111522		NA	NA	Has uberon parent now
UBERON:6001767	FBbt:00111524		NA	NA	Has uberon parent now
FBbt:00001768	FBbt:00111527		NA	NA	
UBERON:0000922	FBbt:00111532		NA	NA	
UBERON:6001778	FBbt:00111536		NA	NA	Has uberon parent now
UBERON:6001780	FBbt:00111539		NA	NA	Has uberon parent now
FBbt:00004052	FBbt:00111082		NA	NA	
UBERON:0000934	FBbt:00111616		NA	NA	
UBERON:0001038	FBbt:00005217		NA	NA	
UBERON:2001137	ZFA:0005852		NA	NA	
UBERON:2001137	ZFA:0005853		NA	NA	
UBERON:2001137	ZFA:0005854		NA	NA	
UBERON:0003075	ZFA:0007082		NA	NA	
UBERON:0002050	XAO:0005026		NA	NA	
UBERON:0003059	XAO:0004618		NA	NA	
UBERON:0003059	XAO:0004619		NA	NA	
WBls:0000038	WBls:0000684		NA	NA	
WBls:0000038	WBls:0000685		NA	NA	
WBls:0000038	WBls:0000686		NA	NA	
WBls:0000038	WBls:0000687		NA	NA	
WBls:0000038	WBls:0000688		NA	NA	
WBls:0000038	WBls:0000689		NA	NA	
WBls:0000038	WBls:0000690		NA	NA	
WBls:0000038	WBls:0000691		NA	NA	
WBls:0000038	WBls:0000692		NA	NA	
CL:0000000	WBbt:0008611		NA	NA	
CL:0000362	XAO:0004621		NA	NA	
CL:0000362	XAO:0004613		NA	NA	
XAO:0003023	XAO:0005018		NA	NA	
CL:0000047	XAO:0005034		NA	NA	
CL:0011012	ZFA:0009165		NA	NA	
UBERON:0003099 	ZFA:0009003		NA	NA	
UBERON:0003083	ZFA:0009004		NA	NA	
CL:0001031	ZFA:0001691		NA	NA	Still accurate in ZFA onthology
CL:0007018	XAO:0005017		NA	NA	
CL:0005002	ZFA:0005245		NA	NA	Still accurate in ZFA onthology
CL:0005006	ZFA:0005323		NA	NA	Still accurate in ZFA onthology
CL:0005001	ZFA:0005328		NA	NA	Still accurate in ZFA onthology
CL:0000765	ZFA:0005237		NA	NA	Still accurate in ZFA onthology
CL:0005019	ZFA:0005598		NA	NA	Still accurate in ZFA onthology
CL:0005018	ZFA:0005599		NA	NA	Still accurate in ZFA onthology
CL:0000988	ZFA:0005830		NA	NA	Still accurate in ZFA onthology
CL:0007004	ZFA:0007084		NA	NA	Still accurate in ZFA onthology
CL:0000000	ZFA:0009000		NA	NA	Still accurate in ZFA onthology
CL:0000007	ZFA:0009002		NA	NA	Still accurate in ZFA onthology
CL:0000017	ZFA:0009005		NA	NA	Still accurate in ZFA onthology
CL:0000019	ZFA:0009006		NA	NA	Still accurate in ZFA onthology
CL:0000029	ZFA:0009009		NA	NA	Still accurate in ZFA onthology
CL:0000030	ZFA:0009010		NA	NA	Still accurate in ZFA onthology
CL:0000031	ZFA:0009011		NA	NA	Still accurate in ZFA onthology
CL:0000037	ZFA:0009014		NA	NA	Still accurate in ZFA onthology
CL:0000038	ZFA:0009015		NA	NA	Still accurate in ZFA onthology
CL:0000039	ZFA:0009016		NA	NA	Still accurate in ZFA onthology
CL:0000047	ZFA:0009019		NA	NA	Still accurate in ZFA onthology
CL:0000049	ZFA:0009021		NA	NA	Still accurate in ZFA onthology
CL:0000050	ZFA:0009022		NA	NA	Still accurate in ZFA onthology
CL:0000051	ZFA:0009023		NA	NA	Still accurate in ZFA onthology
CL:0000056	ZFA:0009025		NA	NA	Still accurate in ZFA onthology
CL:0000058	ZFA:0009027		NA	NA	Still accurate in ZFA onthology
CL:0000060	ZFA:0009029		NA	NA	Still accurate in ZFA onthology
CL:0000062	ZFA:0009031		NA	NA	Still accurate in ZFA onthology
CL:0000065	ZFA:0009033		NA	NA	Still accurate in ZFA onthology
CL:0000066	ZFA:0009034		NA	NA	Still accurate in ZFA onthology
CL:0000071	ZFA:0009036		NA	NA	Still accurate in ZFA onthology
CL:0000080	ZFA:0009043		NA	NA	Still accurate in ZFA onthology
CL:0000081	ZFA:0009044		NA	NA	Still accurate in ZFA onthology
CL:0000083	ZFA:0009045		NA	NA	Still accurate in ZFA onthology
CL:0000084	ZFA:0009046		NA	NA	Still accurate in ZFA onthology
CL:0000094	ZFA:0009048		NA	NA	Still accurate in ZFA onthology
CL:0000096	ZFA:0009049		NA	NA	Still accurate in ZFA onthology
CL:0000098	ZFA:0009050		NA	NA	Still accurate in ZFA onthology
CL:0000099	ZFA:0009051		NA	NA	Still accurate in ZFA onthology
CL:0000100	ZFA:0009052		NA	NA	Still accurate in ZFA onthology
CL:0000101	ZFA:0009053		NA	NA	Still accurate in ZFA onthology
CL:0000109	ZFA:0009061		NA	NA	Still accurate in ZFA onthology
CL:0000115	ZFA:0009065		NA	NA	Still accurate in ZFA onthology
CL:0000117	ZFA:0009067		NA	NA	Still accurate in ZFA onthology
CL:0000120	ZFA:0009070		NA	NA	Still accurate in ZFA onthology
CL:0000121	ZFA:0009071		NA	NA	Still accurate in ZFA onthology
CL:0000125	ZFA:0009073		NA	NA	Still accurate in ZFA onthology
CL:0000127	ZFA:0009075		NA	NA	Still accurate in ZFA onthology
CL:0000128	ZFA:0009076		NA	NA	Still accurate in ZFA onthology
CL:0000129	ZFA:0009077		NA	NA	Still accurate in ZFA onthology
CL:0000131	ZFA:0009078		NA	NA	Still accurate in ZFA onthology
CL:0000132	ZFA:0009079		NA	NA	Still accurate in ZFA onthology
CL:0000133	ZFA:0009080		NA	NA	Still accurate in ZFA onthology
CL:0000134	ZFA:0009081		NA	NA	Still accurate in ZFA onthology
CL:0000138	ZFA:0009084		NA	NA	Still accurate in ZFA onthology
CL:0000147	ZFA:0009090		NA	NA	Still accurate in ZFA onthology
CL:0000148	ZFA:0009091		NA	NA	Still accurate in ZFA onthology
CL:0000152	ZFA:0009092		NA	NA	Still accurate in ZFA onthology
CL:0000160	ZFA:0009094		NA	NA	Still accurate in ZFA onthology
CL:0000163	ZFA:0009096		NA	NA	Still accurate in ZFA onthology
CL:0000164	ZFA:0009097		NA	NA	Still accurate in ZFA onthology
CL:0000166	ZFA:0009099		NA	NA	Still accurate in ZFA onthology
CL:0000167	ZFA:0009100		NA	NA	Still accurate in ZFA onthology
CL:0000168	ZFA:0009101		NA	NA	Still accurate in ZFA onthology
CL:0000169	ZFA:0009102		NA	NA	Still accurate in ZFA onthology
CL:0000170	ZFA:0009103		NA	NA	Still accurate in ZFA onthology
CL:0000171	ZFA:0009104		NA	NA	Still accurate in ZFA onthology
CL:0000172	ZFA:0009105		NA	NA	Still accurate in ZFA onthology
CL:0000178	ZFA:0009108		NA	NA	Still accurate in ZFA onthology
CL:0000182	ZFA:0009111		NA	NA	Still accurate in ZFA onthology
CL:0000187	ZFA:0009114		NA	NA	Still accurate in ZFA onthology
CL:0000188	ZFA:0009115		NA	NA	Still accurate in ZFA onthology
CL:0000189	ZFA:0009116		NA	NA	Still accurate in ZFA onthology
CL:0000190	ZFA:0009117		NA	NA	Still accurate in ZFA onthology
CL:0000192	ZFA:0009118		NA	NA	Still accurate in ZFA onthology
CL:0000202	ZFA:0009121		NA	NA	Still accurate in ZFA onthology
CL:0000207	ZFA:0009125		NA	NA	Still accurate in ZFA onthology
CL:0000210	ZFA:0009127		NA	NA	Still accurate in ZFA onthology
CL:0000216	ZFA:0009133		NA	NA	Still accurate in ZFA onthology
CL:0000218	ZFA:0009135		NA	NA	Still accurate in ZFA onthology
CL:0000219	ZFA:0009136		NA	NA	Still accurate in ZFA onthology
CL:0000221	ZFA:0009137		NA	NA	Still accurate in ZFA onthology
CL:0000222	ZFA:0009138		NA	NA	Still accurate in ZFA onthology
CL:0000223	ZFA:0009139		NA	NA	Still accurate in ZFA onthology
CL:0000235	ZFA:0009141		NA	NA	Still accurate in ZFA onthology
CL:0000243	ZFA:0009147		NA	NA	Still accurate in ZFA onthology
CL:0000246	ZFA:0009149		NA	NA	Still accurate in ZFA onthology
CL:0000247	ZFA:0009150		NA	NA	Still accurate in ZFA onthology
CL:0000249	ZFA:0009151		NA	NA	Still accurate in ZFA onthology
CL:0000253	ZFA:0009153		NA	NA	Still accurate in ZFA onthology
CL:0000287	ZFA:0009154		NA	NA	Still accurate in ZFA onthology
CL:0000295	ZFA:0009155		NA	NA	Still accurate in ZFA onthology
CL:0000312	ZFA:0009158		NA	NA	Still accurate in ZFA onthology
CL:0000319	ZFA:0009159		NA	NA	Still accurate in ZFA onthology
CL:0000337	ZFA:0009168		NA	NA	Still accurate in ZFA onthology
CL:0000339	ZFA:0009169		NA	NA	Still accurate in ZFA onthology
CL:0000342	ZFA:0009170		NA	NA	Still accurate in ZFA onthology
CL:0000353	ZFA:0009177		NA	NA	Still accurate in ZFA onthology
CL:0000361	ZFA:0009182		NA	NA	Still accurate in ZFA onthology
CL:0000362	ZFA:0009183		NA	NA	Still accurate in ZFA onthology
CL:0000375	ZFA:0009184		NA	NA	Still accurate in ZFA onthology
CL:0000402	ZFA:0009191		NA	NA	Still accurate in ZFA onthology
CL:0000411	ZFA:0009196		NA	NA	Still accurate in ZFA onthology
CL:0000430	ZFA:0009198		NA	NA	Still accurate in ZFA onthology
CL:0000431	ZFA:0009199		NA	NA	Still accurate in ZFA onthology
CL:0000438	ZFA:0009203		NA	NA	Still accurate in ZFA onthology
CL:0000439	ZFA:0009204		NA	NA	Still accurate in ZFA onthology
CL:0000440	ZFA:0009205		NA	NA	Still accurate in ZFA onthology
CL:0000446	ZFA:0009207		NA	NA	Mapping not present In ZFA but I still think it is correct
CL:0000467	ZFA:0009216		NA	NA	Still accurate in ZFA onthology
CL:0000476	ZFA:0009218		NA	NA	Still accurate in ZFA onthology
CL:0000494	ZFA:0009221		NA	NA	Still accurate in ZFA onthology
CL:0000495	ZFA:0009222		NA	NA	Still accurate in ZFA onthology
CL:0000497	ZFA:0009224		NA	NA	Still accurate in ZFA onthology
CL:0000502	ZFA:0009228		NA	NA	Still accurate in ZFA onthology
CL:0000513	ZFA:0009234		NA	NA	Still accurate in ZFA onthology
CL:0000516	ZFA:0009237		NA	NA	Still accurate in ZFA onthology
CL:0000530	ZFA:0009242		NA	NA	Still accurate in ZFA onthology
CL:0000532	ZFA:0009243		NA	NA	Still accurate in ZFA onthology
CL:0000533	ZFA:0009244		NA	NA	Still accurate in ZFA onthology
CL:0000534	ZFA:0009245		NA	NA	Still accurate in ZFA onthology
CL:0000536	ZFA:0009247		NA	NA	Still accurate in ZFA onthology
CL:0000540	ZFA:0009248		NA	NA	Still accurate in ZFA onthology
CL:0000541	ZFA:0009249		NA	NA	Still accurate in ZFA onthology
CL:0000557	ZFA:0009251		NA	NA	Still accurate in ZFA onthology
CL:0000561	ZFA:0009255		NA	NA	Still accurate in ZFA onthology
CL:0000562	ZFA:0009256		NA	NA	Still accurate in ZFA onthology
CL:0000566	ZFA:0009258		NA	NA	Still accurate in ZFA onthology
CL:0000573	ZFA:0009262		NA	NA	Still accurate in ZFA onthology
CL:0000575	ZFA:0009264		NA	NA	Still accurate in ZFA onthology
CL:0000576	ZFA:0009265		NA	NA	Still accurate in ZFA onthology
CL:0000584	ZFA:0009269		NA	NA	Still accurate in ZFA onthology
CL:0000604	ZFA:0009275		NA	NA	Still accurate in ZFA onthology
CL:0000617	ZFA:0009276		NA	NA	Still accurate in ZFA onthology
CL:0000636	ZFA:0009280		NA	NA	Still accurate in ZFA onthology
CL:0000652	ZFA:0009284		NA	NA	Still accurate in ZFA onthology
CL:0000653	ZFA:0009285		NA	NA	Still accurate in ZFA onthology
CL:0000670	ZFA:0009288		NA	NA	Still accurate in ZFA onthology
CL:0000677	ZFA:0009289		NA	NA	Still accurate in ZFA onthology
CL:0000679	ZFA:0009290		NA	NA	Still accurate in ZFA onthology
CL:0000680	ZFA:0009291		NA	NA	Still accurate in ZFA onthology
CL:0000681	ZFA:0009292		NA	NA	Still accurate in ZFA onthology
CL:0000700	ZFA:0009301		NA	NA	Still accurate in ZFA onthology
CL:0000704	ZFA:0009303		NA	NA	Still accurate in ZFA onthology
CL:0000710	ZFA:0009306		NA	NA	Still accurate in ZFA onthology
CL:0000738	ZFA:0009309		NA	NA	Still accurate in ZFA onthology
CL:0000740	ZFA:0009310		NA	NA	Still accurate in ZFA onthology
CL:0000743	ZFA:0009313		NA	NA	Still accurate in ZFA onthology
CL:0000745	ZFA:0009315		NA	NA	Still accurate in ZFA onthology
CL:0000746	ZFA:0009316		NA	NA	Still accurate in ZFA onthology
CL:0000748	ZFA:0009318		NA	NA	Still accurate in ZFA onthology
CL:0000762	ZFA:0009323		NA	NA	Still accurate in ZFA onthology
CL:0000763	ZFA:0009324		NA	NA	Still accurate in ZFA onthology
CL:0000764	ZFA:0009325		NA	NA	Still accurate in ZFA onthology
CL:0000766	ZFA:0009326		NA	NA	Still accurate in ZFA onthology
CL:0000775	ZFA:0009327		NA	NA	Still accurate in ZFA onthology
CL:0000789	ZFA:0009335		NA	NA	Still accurate in ZFA onthology
CL:0000827	ZFA:0009350		NA	NA	Still accurate in ZFA onthology
CL:0000837	ZFA:0009354		NA	NA	Still accurate in ZFA onthology
CL:0000838	ZFA:0009355		NA	NA	Still accurate in ZFA onthology
CL:0000839	ZFA:0009356		NA	NA	Still accurate in ZFA onthology
CL:0000848	ZFA:0009359		NA	NA	Still accurate in ZFA onthology
CL:0000850	ZFA:0009361		NA	NA	Still accurate in ZFA onthology
CL:0000851	ZFA:0009362		NA	NA	Still accurate in ZFA onthology
CL:0000852	ZFA:0009363		NA	NA	Still accurate in ZFA onthology
CL:0000854	ZFA:0009365		NA	NA	Still accurate in ZFA onthology
CL:0000855	ZFA:0009366		NA	NA	Still accurate in ZFA onthology
CL:0000856	ZFA:0009367		NA	NA	Still accurate in ZFA onthology
CL:0000857	ZFA:0009368		NA	NA	Still accurate in ZFA onthology
CL:0000858	ZFA:0009369		NA	NA	Still accurate in ZFA onthology
CL:0002320	ZFA:0009392		NA	NA	Still accurate in ZFA onthology
UBERON:0003918	EMAPA:36437		NA	NA	
CL:0000670	EMAPA:36699		NA	NA	
CL:0000501	EMAPA:36474		NA	NA	
UBERON:0008933	EMAPA:36704		NA	NA	
UBERON:0014940	EMAPA:36716		NA	NA	from old onthology
UBERON:0005876	EMAPA:36384		NA	NA	
UBERON:0001334	EMAPA:36433		NA	NA	This mapping is very general (Anne: sounds ok)
UBERON:0001334	EMAPA:30917		NA	NA	This mapping is very general (Anne: sounds ok)
UBERON:0000037	EMAPA:30767		NA	NA	
UBERON:0000037	EMAPA:36671		NA	NA	
UBERON:0006215	EMAPA:36672		NA	NA	Still accurate in ZFA onthology
CL:0005000	ZFA:0000778		NA	NA	Still accurate in ZFA onthology
CL:0000023	ZFA:0001109		NA	NA	Still accurate in ZFA onthology
CL:0005007	ZFA:0005240		NA	NA	Still accurate in ZFA onthology
CL:0005014	ZFA:0005244		NA	NA	Still accurate in ZFA onthology
CL:0000020	ZFA:0009007		NA	NA	Still accurate in ZFA onthology
UBERON:0005062	XAO:0000293		NA	NA	
UBERON:0003390		EMAPA:16775	NA	NA	
UBERON:0002241		EMAPA:17681	NA	NA	
UBERON:0006652		EMAPA:30997	NA	NA	
UBERON:0001015		EMAPA:32715	NA	NA	
UBERON:0001630		EMAPA:32715	NA	NA	
UBERON:0005090		EMAPA:32715	NA	NA	
UBERON:0007844		EMAPA:32730	NA	NA	
UBERON:0002685		EMAPA:35133	NA	NA	
UBERON:0005805		EMAPA:18606	NA	NA	
UBERON:0010190		EMAPA:18606	NA	NA	
UBERON:0007123		EMAPA:16276	NA	NA	
UBERON:0003382		EMAPA:17339	NA	NA	
UBERON:0003381		EMAPA:17342	NA	NA	
CL:0000066	XAO:0003249		NA	NA	
CL:0007004	XAO:0004522		NA	NA	
CL:0000540	XAO:0003023		NA	NA	
CL:0000035	XAO:0005033		NA	NA	I cannot fing a CLâ€¦ !progenitor cells (Anne: the more close definition compared to XAO:0005033 (progenitor cell) definition is CL:0000035 (single fate stem cell)
CL:0000034	XAO:0003054		NA	NA	
WBbt:0004671	WBbt:0006447		NA	NA	
UBERON:0008307	EMAPA:36727		NA	NA	
UBERON:0002049	EMAPA:36729		NA	NA	
UBERON:0005087	EMAPA:36739		NA	NA	
UBERON:0008856	EMAPA:36770		NA	NA	
UBERON:0007188		EMAPA:16133	NA	NA	
UBERON:0003241		EMAPA:17823	NA	NA	
UBERON:0002004		EMAPA:18577	NA	NA	
UBERON:0000106	EMAPA:16033				"EMAPA:16033 ""1-cell stage embryo"": added xref to UBERON:0000106 ""Zygote"", which has synonym to """"1-cell stage"" EXACT []"" and """"one cell stage"" EXACT []"". Also UBERON:0000106 has ""SeeAlso"" relationship to  EMAPA:16033 ""1-cell stage embryo"" (Remove it now?). "
CL:0000365	EMAPA:16033				"CL:0000365 ""Animal Zygote"" had xref to EMAPA:16033 ""1-cell stage embryo"" in old onthology. Moreover is more animal specific (I guess)"
MmusDv:0000006	EMAPA:16040				"EMAPA:16040 ""compacted morula (mouse)"": mapped to MmusDv:0000006 ""Theiler stage 03"" which is a stage defined as ""embryonic cleavage stage defined by a dividing 4-16 cells egg, early to fully compacted morula"". Seems more specific than mapping it to UBERON:0019248 ""early embryo"", ehich has xref to the more suited EMAPA:36032 ""early embryo"""
UBERON:0012466	EMAPA:16064				"EMAPA:16064 ""proamniotic cavity extraembryonic part (mouse)"": mapped to UBERON:0012466 ""extraembryonic cavities"". Also may benefit from adding a relationship (part_of) to UBERON:0009742 ""promaniotic cavity"" which refers both to the intra- and extra-embryonic parts of the proamniotic cavity."
UBERON:0000926	EMAPA:16071				"EMAPA:16071 ""embryo mesoderm (mouse): mapped to UBERON:0000926 ""mesoderm"" which is defined as """"The middle germ layer of the embryo, between the endoderm and ectoderm."", so it is embryo specific. Not mouse specific though. "
UBERON:0004366 	EMAPA:16077				"EMAPA:16077 ""amniotic fold ectoderm (mouse)"": mapped to UBERON:0004366 ""extraembryonic ectoderm"" because is a general feature that best suit the EMAPA term. It may benefit to link it with a part_of UBERON:0005971 ""amniotic fold"", or something similar. "
UBERON:0005728	EMAPA:16078				"EMAPA:16078 ""amniotic fold mesoderm"": mapped to UBERON:0005728 ""extraembryonic mesoderm"" for the same reasons than EMAPA:16077"
UBERON:0003075	EMAPA:16095				"EMAPA:16095 ""future spinal cord neural plate (mouse)"": mapped to UBERON:0003075 ""neural plate"" beacause is the most general feature that includes EMAPA:16095.  Also, UBERON:0003854 ""spinal cord neural plate"" has relationship to both UBERON:0006241 ""future spinal cord"" and UBERON:0003075 ""neural plate"", which links EMAPA:16095 with all the necessary anatomical features describing it. "
UBERON:0005728	EMAPA:16108				"EMAPA:16108 ""allantois mesoderm (mouse)"":  mapped to UBERON:0005728 ""extraembryonic mesoderm"" for the same reason than EMAPA:16078. Also, UBERON:0005728 ""extraembryonic mesoderm"" is_a UBERON:0004340 ""allantois""."
UBERON:0005872	EMAPA:16120				"EMAPA:16120 ""1st branchial groove ectoderm"": 1st branchial groove ectoderm is synonym of ""1st pharyngeal groove ectoderm"" or ""1st branchial cleft"" ecc... All of these terms are synonyms of UBERON:0005872 ""1st arch pharyngeal cleft"". So, I chose to map EMAPA:16120 to UBERON:0005872"
UBERON:0009213	EMAPA:16123				"EMAPA:16123 ""1st branchial membrane endoderm"":  Mapped to UBERON:0009213 ""pharyngeal membrane of 1st arch"" for similar reasons as the line above. Maybe add relationship to UBERON:0004119 ""endoderm-derived structure"" and UBERON:0009722 ""entire pharyngeal arch endoderm"" which considers all the pharyngeal arches."
UBERON:0004362	EMAPA:16126				"EMAPA:16126 ""1st branchial arch ectoderm"":  mapped to UBERON:0004362 ""pharyngeal arch 1"" for similar reasons as above.  Maybe add relationship to UBERON:0004121 ""ectoderm-derived structure"" and UBERON:0009722 ""entire pharyngeal arch endoderm"" which considers all the pharyngeal arches."
UBERON:0004362	EMAPA:16127				"EMAPA:16127 ""1st branchial arch endoderm"": mapped to UBERON:0004362 ""pharyngeal arch 1"" for similar reasons as above. Maybe add relationship to UBERON:0004119 ""endoderm-derived structure"" and UBERON:0009722 ""entire pharyngeal arch endoderm"" which considers all the pharyngeal arches."
UBERON:0007185	EMAPA:16136				"EMAPA:16136 ""pericardio-peritoneal component mesothelium"": mapped to UBERON:0007185 ""pericardio-peritoneal canal mesothelium"". Maybe it is more accurate to put a relationship part_to. But I'm not sure what ""component"" in the term-name refers to"
UBERON:0007286	EMAPA:16141				"EMAPA:16141 ""future midbrain floor plate"": mapped to UBERON:0007286 ""presumptive floor plate"", which I think is a synonym of ""future floor plate"" (maybe this should be added). This mapping don't take into account the midbrain (too general?), so we could link it to UBERON:0009616 ""presumptive midbrain"""
UBERON:0009616 	EMAPA:16142				"EMAPA:16142 ""future midbrain neural fold"": Unlike in the line above, i mapped this term to UBERON:0009616 ""presumptive midbrain"", beacause the term ""future/presumptive neural fold"" doen't exsist and UBERON:0005062 ""neural fold"" comes later during developement."
UBERON:0009616 	EMAPA:16143				"EMAPA:16143 ""future midbrain neural crest"": mapped to UBERON:0009616 ""presumptive midbrain"" for similar reasons as the line above"
UBERON:0006240	EMAPA:16144				"EMAPA:16144 ""future prosencephalon"": mapped to UBERON:0006240 ""future forebrain"", which is a synonym of ""future prosencephalon"""
UBERON:0007286	EMAPA:16145				"EMAPA:16145 ""future prosencephalon floor plate"": I mapped it to  UBERON:0007286 ""presumptive floor plate"" insted than UBERON:0006240 ""future forebrain"" because it seems more accurate to me. However, it is a bit arbitrary "
UBERON:0006240	EMAPA:16146				"EMAPA:16146 ""future prosencephalon neural fold"": this time I mapped to UBERON:0006240 ""future forebrain"", because ""future neural fold"" is not present in the onthology"
UBERON:0006240	EMAPA:16147				"EMAPA:16147 ""future prosencephalon neural crest"":  I mapped to UBERON:0006240 ""future forebrain"", because ""future neural crest"" is not present in the onthology"
UBERON:0010314	EMAPA:16149				"EMAPA:16149 ""anterior pro-rhombomere"": mapped to UBERON:0010314 ""structure with developmental contribution from neural crest"" because all this rhombomere stuff is quite complicated and I prefer to map the term to a general structure than to a worng term. If the ""pro-"" in ""pro-rhombomere"" refers to a structure that will develop in a rhombomere, maybe mapping the term to UBERON:0007289 ""presumptive rhombomere 1"" is more appropiate. also, There are the exact correspondants in human (EHDAA2:0001544 to EHDAA2:0001550) to wich this and the following terms could be mapped to."
UBERON:0010314	EMAPA:16150				"EMAPA:16150 ""anterior pro-rhombomere floor plate"": mapped to UBERON:0010314 ""structure with developmental contribution from neural crest"" for the same reasons as above."
UBERON:0005062	EMAPA:16151				"EMAPA:16151 ""anterior pro-rhombomere neural fold"": mapped to UBERON:0005062 ""neural fold"" bacause old onthology does so."
UBERON:0010170	EMAPA:16152				"EMAPA:16152 ""anterior pro-rhombomere neural crest"": mapped to UBERON:0010170  ""region of neural crest"" because it has an ""is_a"" relationship in the old onthology. "
UBERON:0007277	EMAPA:16153				"EMAPA:16153 ""future hindbrain neural ectoderm (mouse)"":  mapped to UBERON:0007277 ""presumptive hindbrain"". I really struggled with this one and I'm not sure that it is the best choice."
UBERON:0007286	EMAPA:16154				"EMAPA:16154 ""future hindbrain floor plate (mouse)"": mapped to UBERON:0007286 ""presumptive floor plate"". But maybe would be better to map it to UBERON:0007277 ""presumptive hindbrain"""
UBERON:0005062	EMAPA:16155				"EMAPA:16155 ""future hindbrain neural fold"": mapped to UBERON:0005062 ""neural fold"" because old onthology does so. However, maybe would be better to map to UBERON:0007277 ""presumptive hindbrain"""
UBERON:0010170	EMAPA:16156				"EMAPA:16156 ""future hindbrain neural crest (mouse)"": mapped to UBERON:0010170 ""region of neural crest"" because it has an is_a relationship with this term in the old onthology."
UBERON:0010314	EMAPA:16157				"EMAPA:16157 ""posterior pro-rhombomere (mouse)"": mapped to UBERON:0010314 ""structure with developmental contribution from neural crest"" for the same reasons that justified the same mapping in the anterior pro-rhombomere"
UBERON:0010314	EMAPA:16158				"EMAPA:16158 ""posterior pro-rhombomere floor plate (mouse)"": mapped to UBERON:0010314 ""structure with developmental contribution from neural crest"" for the same reasons as above."
UBERON:0005062	EMAPA:16159				"EMAPA:16159 ""posterior pro-rhombomere neural fold (mouse)"":  mapped to UBERON:0005062 ""neural fold"" bacause old onthology does so."
UBERON:0010170	EMAPA:16160				"EMAPA:16160 ""posterior pro-rhombomere neural crest (mouse)"": mapped to UBERON:0010170  ""region of neural crest"" because it has an ""is_a"" relationship in the old onthology. "
UBERON:0001892	EMAPA:16161				"EMAPA:16161 ""pre-otic sulcus (mouse)"": mapped to UBERON:0001892 ""rhombomere"" beacause it has a ""part_of"" relationship with this term in the old onthology and is the only term I can find that has a somewhat accurate relationship with ""pre-otic sulcus (mouse)"""
UBERON:0005062	EMAPA:16162				"EMAPA:16162 ""future spinal cord neural fold"": mapped to UBERON:0005062 ""neural fold"" because old onthology does so. Could be also mapped to UBERON:0006241 ""future spinal cord"""
UBERON:0005594	EMAPA:16173				"EMAPA:16173 ""somite 01 (mouse)"": mapped to UBERON:0005594 ""head somite"" beacause ""somite 01"" is a subclass of this term. However, the most accurate EMAPA term is EMAPA:16172 ""head somite"".  It also exsist EHDAA2:0001849 ""somite 01 (human)"" but it is in humans"
UBERON:0005594	EMAPA:16174				"EMAPA:16174 ""somite 02 (mouse)"": mapped to UBERON:0005594 ""head somite"" for the same reasons as above"
UBERON:0005594	EMAPA:16175				"EMAPA:16175 ""somite 03 (mouse)"": mapped to UBERON:0005594 ""head somite"" for the same reasons as above"
UBERON:0005594	EMAPA:16176				"EMAPA:16176 ""somite 04 (mouse)"": mapped to UBERON:0005594 ""head somite"" for the same reasons as above"
UBERON:0005598	EMAPA:16185				"EMAPA:16185 ""somite 05 (mouse)"": mapped to UBERON:0005598 ""trunk somite"" beacause ""somite 05"" is a subclass of this term. However, the most accurate EMAPA term is EMAPA:16184 ""trunk somite"""
UBERON:0005598	EMAPA:16186				"EMAPA:16186 ""somite 06 (mouse)"": mapped to UBERON:0005598 ""trunk somite"" for the same reason as above."
UBERON:0005598	EMAPA:16187				"EMAPA:16187 ""somite 07 (mouse)"": mapped to UBERON:0005598 ""trunk somite"" for the same reason as above."
UBERON:0005598	EMAPA:16188				"EMAPA:16188 ""somite 08 (mouse)"": mapped to UBERON:0005598 ""trunk somite"" for the same reason as above."
CL:0000670	EMAPA:16190				"EMAPA:16190 ""primordial germ cell of trunk mesenchyme (mouse)"":  mapped to CL:0000670 ""primordial germ cell"", maybe I should have chosen a mapping that enphasize more the ""trunk mesenchyme part?"
UBERON:0002346	EMAPA:16200				"EMAPA:16200 ""optic sulcus neural ectoderm (mouse)"":  mapped to UBERON:0002346 ""neurectoderm"" which is a synonym of ""neural ectoderm""."
UBERON:0005805	EMAPA:16204				"EMAPA:16204 ""dorsal aorta (mouse)"":  mapped to UBERON:0005805 ""dorsal aorta"""
UBERON:0005498	EMAPA:16210				"EMAPA:16210 ""primitive heart tube endocardial tube (mouse)"":  mapped to UBERON:0004141 ""heart tube"" because it is a synonym of ""endocardial tube, which is part of  UBERON:0005498 ""primitive heart tube""."
UBERON:0004493	EMAPA:16211				"EMAPA:16211 ""primitive heart tube cardiac muscle (mouse)"": mapped to UBERON:0004493 ""cardiac muscle tissue of myocardium"" although maybe woud be better to map it to UBERON:0005498 ""primitive heart tube""."
UBERON:0009854	EMAPA:16248				"EMAPA:16248 ""foregut diverticulum (mouse)"":  mapped to UBERON:0009854 ""digestive tract diverticulum"""
UBERON:0003104	EMAPA:16249				"EMAPA:16249 ""foregut diverticulum mesenchyme (mouse)"":  mapped to the general term UBERON:0003104 ""mesenchyme"". I cannot find any term that is more specific to the digestive tract"
UBERON:0004185	EMAPA:16250				"EMAPA:16250 ""foregut diverticulum endoderm (mouse)"": mapped to UBERON:0004185 ""endodermal part of digestive tract"""
UBERON:0009854	EMAPA:16251				"EMAPA:16251 ""hindgut diverticulum (mouse)"": mapped to UBERON:0009854 ""digestive tract diverticulum"""
UBERON:0003104	EMAPA:16252				"EMAPA:16252 ""hindgut diverticulum mesenchyme (mouse)"": mapped to UBERON:0003104 ""mesenchyme"" similarly to EMAPA:16249 ""foregut diverticulum mesenchyme (mouse)"""
UBERON:0004185	EMAPA:16253				"EMAPA:16253 ""hindgut diverticulum endoderm (mouse)"": mapped to  UBERON:0004185 ""endodermal part of digestive tract"""
CL:0000670	EMAPA:16254				"EMAPA:16254 ""primordial germ cell of hindgut (mouse)"": mapped to CL:0000670 ""primordial germ cell"""
UBERON:0010333	EMAPA:16264				"EMAPA:16264 ""allantois mesenchyme (mouse)"":  mapped to UBERON:0010333 ""extraembryonic membrane mesenchyme"". I cannot find a more specific term."
UBERON:0009616	EMAPA:16285				"EMAPA:16285 ""future midbrain roof plate (mouse)"": mapped to UBERON:0009616 ""presumptive midbrain"" because there is not a future ""roof plate"""
UBERON:0005515	EMAPA:16286				"EMAPA:16286 ""future hindbrain posterior to rhombomere 05 (mouse)"": mapped to UBERON:0005515 ""rhombomere 5"" but I'm quite uncertain of this mapping. "
UBERON:0010170	EMAPA:16289				"EMAPA:16289 ""future hindbrain posterior to rhombomere 05 neural crest (mouse)"": mapped to UBERON:0010170 ""region of neural crest"" because old onthology has a is_a relationship with this term."
UBERON:0003852	EMAPA:16296				"EMAPA:16296 "" rhombomere 02 neural crest (mouse)"":  mapped to UBERON:0003852 ""rhombencephalon neural crest"" which is synonym with ""rhombomere neural crest"""
UBERON:0003852	EMAPA:16304				"EMAPA:16304 ""rhombomere 04 neural crest (mouse)"": mapped to UBERON:0003852 ""rhombencephalon neural crest"" which is synonym with ""rhombomere neural crest"""
UBERON:0003852	EMAPA:16308				"EMAPA:16308 ""rhombomere 05 neural crest (mouse)"": mapped to UBERON:0003852 ""rhombencephalon neural crest"" which is synonym with ""rhombomere neural crest"""
UBERON:0003852	EMAPA:16309				"EMAPA:16309 ""rhombomere 01 neural crest (mouse)"": mapped to UBERON:0003852 ""rhombencephalon neural crest"" which is synonym with ""rhombomere neural crest"""
UBERON:0005598	EMAPA:16313				"EMAPA:16313 ""somite 09 (mouse)"": mapped to UBERON:0005598 ""trunk somite"" beacause ""somite 09"" is a subclass of this term. However, the most accurate EMAPA term is EMAPA:16184 ""trunk somite"""
UBERON:0005598	EMAPA:16314				"EMAPA:16314 ""somite 10 (mouse)"": mapped to UBERON:0005598 ""trunk somite"" for the same reasons as above"
UBERON:0005598	EMAPA:16315				"EMAPA:16315 ""somite 11 (mouse)"": mapped to UBERON:0005598 ""trunk somite"" for the same reasons as above"
UBERON:0005598	EMAPA:16316				"EMAPA:16316 ""somite 12 (mouse)"": mapped to UBERON:0005598 ""trunk somite"" for the same reasons as above"
UBERON:0005598	EMAPA:16317				"EMAPA:16317 ""somite 13 (mouse)"": mapped to UBERON:0005598 ""trunk somite"" for the same reasons as above"
UBERON:0008835	EMAPA:16319				"EMAPA:16319 ""septum transversum hepatic component (mouse)"": mapped to UBERON:0008835 ""hepatic diverticulum"" beacause it has a ""part_of"" relationship with UBERON:0004161 ""septum transversum""."
UBERON:0002346	EMAPA:16326				"EMAPA:16326 ""optic pit neural ectoderm (mouse)"": mapped to UBERON:0002346 ""neurectoderm"" since I coulodn't find a more specific term."
UBERON:0005248	EMAPA:16337				"EMAPA:16337 ""bulbus cordis caudal half cardiac muscle (mouse)"":  mapped to the slightly more general UBERON:0005248 ""bulbus cordis myocardium"""
UBERON:0004141	EMAPA:16340				"EMAPA:16340 ""bulbus cordis rostral half endocardial tube (mouse)"": mapped to UBERON:0004141 ""heart tube"" wich is a synonym of ""endocardial tube"". However, maybe the mapping to  UBERON:0006060 ""conotruncus"" which is a synonym of ""bulbus cordis rostral half"" is more appropiate."
UBERON:0005248	EMAPA:16341				"EMAPA:16341 ""bulbus cordis rostral half cardiac muscle (mouse)"": mapped to the slightly more general UBERON:0005248 ""bulbus cordis myocardium"""
UBERON:0004141	EMAPA:16344				"EMAPA:16344 ""common atrial chamber endocardial tube (mouse)"": mapped to UBERON:0004141 ""heart tube"" wich is a synonym of ""endocardial tube"". However, maybe the mapping to UBERON:0006218 ""common atrial chamber"" is more appropiate."
UBERON:0004490	EMAPA:16345				"EMAPA:16345 ""common atrial chamber cardiac muscle (mouse)"": mapped to UBERON:0004490 ""cardiac muscle tissue of atrium"". I chose arbitrarly this term over UBERON:0002302 ""myocardium of atrium"" which is more or less the same thing."
UBERON:0004141	EMAPA:16348				"EMAPA:16348 ""outflow tract endocardial tube (mouse)"": mapped to UBERON:0004141 ""heart tube"" beacause UBERON:0004145 ""outflow tract"" seems more specific to the developed individual and not to the embryonic development. "
UBERON:0009751	EMAPA:16349				"EMAPA:16349 ""outflow tract mesenchyme (mouse)"": mapped to UBERON:0009751 ""cardiac mesenchyme"". Maybe add GCI relationship with UBERON:0004145 ""outflow tract""?"
UBERON:0004141	EMAPA:16352				"EMAPA:16352 ""primitive ventricle endocardial tube (mouse)"": mapped to UBERON:0004141 ""heart tube"". However, maybe mapping this term to UBERON:0006283 ""future cardiac ventricle"" is more appropiate."
UBERON:0004493	EMAPA:16353				"EMAPA:16353 ""primitive ventricle cardiac muscle (mouse)"": mapped to UBERON:0004493 ""cardiac muscle tissue of myocardium"". However, maybe mapping this term to UBERON:0006283 ""future cardiac ventricle"" is more appropiate."
UBERON:0003104 	EMAPA:16362				"EMAPA:16362 ""thyroid primordium mesenchyme (mouse)"": mapped to the general term UBERON:0003104 ""mesenchyme"" beacause, while ""mesenchyme of hingut exsist"", an equivalent term for the foregut does not exsist"
UBERON:0014699	EMAPA:16379				"EMAPA:16379 ""vitelline vein extraembryonic part (mouse)"": mapped to UBERON:0014699 ""extraembryonic venous system"", although it could also be mapped to UBERON:0005487 ""vitelline vein"""
UBERON:0010339	EMAPA:16386				"EMAPA:16386 ""1st branchial arch mandibular component mesenchyme derived from head mesoderm (mouse)"" (wow!): mapped to UBERON:0010339 ""1st arch mandibular mesenchyme from head mesenchyme"""
UBERON:0010252	EMAPA:16387				"EMAPA:16387 ""1st branchial arch mandibular component mesenchyme derived from neural crest"": mapped to UBERON:0010252 ""1st arch mandibular mesenchyme from neural crest"""
UBERON:0010338	EMAPA:16392				"EMAPA:16392 ""1st branchial arch maxillary component mesenchyme derived from head mesoderm (mouse)"": mapped to UBERON:0010338  ""1st arch maxillary mesenchyme from head mesenchyme""."
UBERON:0010253	EMAPA:16393				"EMAPA:16393 ""1st branchial arch maxillary component mesenchyme derived from neural crest (mouse)"": mapped to UBERON:0010253 ""1st arch maxillary mesenchyme from neural crest"""
UBERON:0013157	EMAPA:16394				"EMAPA:16394 ""1st branchial arch maxillary-mandibular groove (mouse)"": mapped to UBERON:0013157 ""1st arch maxillary-mandibular cleft"" altough I'm not sure these two term are exactly the same thing"
UBERON:0010377	EMAPA:16410				"EMAPA:16410 ""mesenchyme derived from somatopleure (mouse)"": mapped to UBERON:0010377 ""mesenchyme from somatopleure"""
UBERON:0010378	EMAPA:16411				"EMAPA:16411 ""mesenchyme derived from splanchnopleure (mouse)"": mapped to UBERON:0010378 ""mesenchyme from splanchnopleure"""
UBERON:0004290	EMAPA:16414				"EMAPA:16414 ""somite 05 dermomyotome (mouse)"": mapped to UBERON:0004290 ""dermomyotome"" beacause I couldn't find more specific terms."
UBERON:2001045	EMAPA:16416				"EMAPA:16416 ""somite 05 sclerotome (mouse)"": mapped to UBERON:2001045 ""sclerotome somite 5"""
UBERON:0005598	EMAPA:16441				"EMAPA:16441 ""somite 14 (mouse)"": mapped to UBERON:0005598 ""trunk somite""."
UBERON:0005598	EMAPA:16445				"EMAPA:16445 ""somite 15 (mouse)"": mapped to UBERON:0005598 ""trunk somite""."
UBERON:0005598	EMAPA:16449				"EMAPA:16449 ""somite 16 (mouse)"": mapped to UBERON:0005598 ""trunk somite""."
UBERON:0005598	EMAPA:16453				"EMAPA:16453 ""somite 17 (mouse)"": mapped to UBERON:0005598 ""trunk somite""."
UBERON:0005598	EMAPA:16457				"EMAPA:16457 ""somite 18 (mouse)"": mapped to UBERON:0005598 ""trunk somite""."
UBERON:0005598	EMAPA:16461				"EMAPA:16461 ""somite 19 (mouse)"": mapped to UBERON:0005598 ""trunk somite""."
UBERON:0009621	EMAPA:16465				"EMAPA:16465 ""somite 20 (mouse)"": mapped to UBERON:0009621 ""tail somite"". From hear on it seems to me that the somites are from the tail and not the trunk anymore, but it is a quite arbitrary choice"
UBERON:0005495	EMAPA:16474				"EMAPA:16474 ""future midbrain lateral wall (mouse)"": mapped to UBERON:0005495 ""midbrain lateral wall"". Altough maybe is a mapping to UBERON:0009616 ""presumptive midbrain"" is more appropiate. "
UBERON:0001890	EMAPA:16512				"EMAPA:16512 ""prosencephalon (mouse)"": mapped to UBERON:0001890 ""forebrain"" which is synonym of ""prosencephalon""."
UBERON:0003079	EMAPA:16516				"EMAPA:16516 ""future diencephalon floor plate (mouse)"": mapped to UBERON:0003079 ""floor plate"". Maybe mapping it to UBERON:0006222 ""future diencephalon"" is more appropiate"
UBERON:0003054	EMAPA:16519				"EMAPA:16519 ""future diencephalon roof plate (mouse)"": mapped to UBERON:0003054 ""roof plate"". Maybe is better to map it to UBERON:0006222 ""future diencephalon"" or UBERON:0003301 ""roof plate of diencephalon"" which doesn't take into account the temporal dimension. "
UBERON:0005496	EMAPA:16520				"EMAPA:16520 ""prosencephalon lateral wall (mouse)"": mapped to UBERON:0005496 ""neural tube lateral wall"" because UBERON:0005561""telencephalon lateral wall"" and UBERON:0005591 ""diencephalon lateral wall"" have an is_a relationship with the term. The prosenchephalon develops into telencephalon and diencephalon."
UBERON:0003054	EMAPA:16522				"EMAPA:16522 ""prosencephalon roof plate (mouse)"": mapped to UBERON:0003054 ""roof plate"" because I couldn't find any more specific term. "
UBERON:0002342	EMAPA:16524				"EMAPA:16524 ""prosencephalon neural crest (mouse)"": mapped to UBERON:0002342 ""neural crest"" for the same reason as above."
UBERON:0003249	EMAPA:16538				"EMAPA:16538 ""otic pit epithelium (mouse)"":  mapped to UBERON:0003249 ""epithelium of otic placode"" which is not exactly the same developmental stage but is the closest thing that I found. "
UBERON:0004128	EMAPA:16541				"EMAPA:16541 ""optic vesicle neural ectoderm (mouse)"": mapped to UBERON:0004128 ""optic vesicle"" because the optic vescicle is formed by the neural ectoderm."
UBERON:0003351	EMAPA:16551				"EMAPA:16551 ""pharyngeal region epithelium (mouse)"": mapped to UBERON:0003351  ""pharyngeal epithelium"""
UBERON:0007303	EMAPA:16552				"EMAPA:16552 ""pharyngeal region vascular element (mouse)"": mapped to UBERON:0007303 ""pharyngeal vasculature""."
UBERON:0006876	EMAPA:16566				"EMAPA:16566 ""foregut-midgut junction vascular element (mouse)"": mapped to UBERON:0006876 ""vasculature of organ"" which is a super genral term. Maybe you would prefer to map it to UBERON:0006235 "" foregut-midgut junction"""
UBERON:0003353	EMAPA:16567				"EMAPA:16567 ""hindgut diverticulum epithelium (mouse)"": mapped to UBERON:0003353 ""epithelium of hindgut"". Maybe mapping to UBERON:0009854 ""digestive tract diverticulum"" is more appropiate."
UBERON:0006876	EMAPA:16568				"EMAPA:16568 ""hindgut diverticulum vascular element (mouse)"": mapped to UBERON:0006876 ""vasculature of organ"". It is a very broad term but I couldn't find anything better. "
UBERON:0006876	EMAPA:16570				"EMAPA:16570 ""midgut vascular element (mouse)"": mapped to UBERON:0006876 ""vasculature of organ"" for same reason as above."
UBERON:0014781 	EMAPA:16575				"EMAPA:16575 ""stomatodeum rest of ectoderm (mouse)"": mapped to UBERON:0014781 ""stomodeal ectoderm"""
UBERON:0015418	EMAPA:16576				"EMAPA:16576 ""genitourinary system mesenchyme (mouse)"":  mapped to UBERON:0015418 ""urethra mesenchymal layer"" wich is not super exact (maybe a GCI relationship would be better). Alternatively we could map it to UBERON:0004122 "" genitourinary system""."
CL:0000670	EMAPA:16578				"EMAPA:16578 ""primordial germ cell (mouse)"": mapped to CL:0000670 ""primordial germ cell""."
UBERON:0002103	EMAPA:16593				"EMAPA:16593 ""hindlimb ridge (mouse)"": mapped to UBERON:0002103 ""hindlimb"". I'm a bit unsure of this mapping because I do not understand well what the term refers to"
UBERON:0003371	EMAPA:16594				"EMAPA:16594 ""hindlimb ridge ectoderm (mouse)"": mapped to UBERON:0003371 ""pelvic appendage bud ectoderm"" which is a synonym of hindlimb ectoderm"
UBERON:0003860	EMAPA:16595				"EMAPA:16595 ""hindlimb ridge mesenchyme (mouse)"": mapped to UBERON:0003860  ""hindlimb mesenchyme""."
UBERON:0009621	EMAPA:16600				"EMAPA:16600 ""somite 21 (mouse)"": mapped to UBERON:0009621 ""tail somite""."
UBERON:0009621	EMAPA:16604				"EMAPA:16604 ""somite 22 (mouse)"": mapped to UBERON:0009621 ""tail somite""."
UBERON:0009621	EMAPA:16608				"EMAPA:16608 ""somite 23 (mouse)"": mapped to UBERON:0009621 ""tail somite""."
UBERON:0009621	EMAPA:16612				"EMAPA:16612 ""somite 24 (mouse)"": mapped to UBERON:0009621 ""tail somite""."
UBERON:0009621	EMAPA:16616				"EMAPA:16616 ""somite 25 (mouse)"": mapped to UBERON:0009621 ""tail somite""."
UBERON:0009621	EMAPA:16620				"EMAPA:16620 ""somite 26 (mouse)"": mapped to UBERON:0009621 ""tail somite""."
UBERON:0009621	EMAPA:16624				"EMAPA:16624 ""somite 27 (mouse)"": mapped to UBERON:0009621 ""tail somite""."
UBERON:0009621	EMAPA:16628				"EMAPA:16628 ""somite 28 (mouse)"": mapped to UBERON:0009621 ""tail somite""."
UBERON:0009621	EMAPA:16632				"EMAPA:16632 ""somite 29 (mouse)"": mapped to UBERON:0009621 ""tail somite""."
UBERON:0009621	EMAPA:16636				"EMAPA:16636 ""somite 30 (mouse)"": mapped to UBERON:0009621 ""tail somite""."
UBERON:0013499	EMAPA:16664				"EMAPA:16664 ""vagus X preganglion (mouse)"":  mapped to UBERON:0013499 ""glossopharyngeal-vagus IX-X preganglion complex"". Because i think that the preganglion is shared by the two nerves (glossopharyngeal and vagus) but I'm not sure"
UBERON:0000010	EMAPA:16666				"EMAPA:16666 ""spinal component of peripheral nervous system (mouse)"": mapped to UBERON:0000010 ""peripheral nervous system"". But maybe mapping it to the UBERON:0000044 ""dorsal root ganglion"" which is synonym with ""spinal ganglion part of peripheral nervous system"""
UBERON:0003051	EMAPA:16671				"EMAPA:16671 ""otocyst epithelium (mouse)"": mapped to UBERON:0003051 ""ear vesicle"" because UBERON:0005641 ""otocyst epithelium"" is an obsolete term"
UBERON:0014702	EMAPA:16682				"EMAPA:16682 ""fronto-nasal process ectoderm (mouse)"": mapped to UBERON:0014702 ""frontonasal process epithelium"" it seems to be a good mapping, but I'm not sure"
UBERON:0002166	EMAPA:16691				"EMAPA:16691 ""common atrial chamber endocardial lining (mouse)"": mapped to UBERON:0002166 ""endocardium of atrium"". "
UBERON:0004706	EMAPA:16694				"EMAPA:16694 ""bulbus cordis caudal half endocardial lining (mouse)"": mapped to UBERON:0004706 ""bulbus cordis"" beacuse it is defined as ""primitive right ventricle endocardium"", so it seems a nice mapping. However, it could be mapped to UBERON:0002165 ""endocardium"""
UBERON:0004706	EMAPA:16695				"EMAPA:16695 ""bulbus cordis rostral half endocardial lining (mouse)"":  mapped to UBERON:0004706 ""bulbus cordis"" for the same reason as above. "
UBERON:0001081	EMAPA:16697				"EMAPA:16697 ""primitive ventricle endocardial lining (mouse)"": mapped to UBERON:0001081 ""endocardium of ventricle"" but it could be better to map to UBERON:0002165 ""endocardium"" to remain more general"
UBERON:0001043	EMAPA:16700				"EMAPA:16700 ""esophageal region (mouse)"": mapped to UBERON:0001043 ""esophagus"" beacause also the EMAPA term is quite general"
UBERON:0001043	EMAPA:16701				"EMAPA:16701 ""esophageal region mesenchyme (mouse)"" :  mapped to UBERON:0001043 ""esophagus"" because I couldn't find anything more specific"
UBERON:0003513	EMAPA:16705				"EMAPA:16705 ""esophageal region vascular element (mouse)"": mapped to UBERON:0003513 ""trunk blood vessel"" because I couldn't find anything more specific"
UBERON:0010046	EMAPA:16707				"EMAPA:16707 ""pharynx mesenchyme (mouse)"": mapped to UBERON:0010046 ""entire pharyngeal arch associated mesenchyme"""
UBERON:0007303 	EMAPA:16709				"EMAPA:16709 ""pharynx vascular element (mouse)"": mapped to UBERON:0007303 ""pharyngeal vasculature"""
UBERON:0002296	EMAPA:16719				"EMAPA:16719 ""hindgut dorsal mesentery (mouse)"": mapped to UBERON:0002296 ""dorsal mesentery"" beacause I couldn't find anything more specific"
UBERON:0003497	EMAPA:16720				"EMAPA:16720 ""hindgut vascular element (mouse)"": mapped to UBERON:0003497 ""abdomen blood vessel"" because I couldn't find anything more specific"
UBERON:0034875	EMAPA:16724				"EMAPA:16724 ""future adenohypophysis (mouse)"" : mapped to UBERON:0034875 ""future pituitary gland"". The adenohypophysis is part of the pituitary gland and it is the closet term that I found "
UBERON:0000930	EMAPA:16726				"EMAPA:16726 ""oral region rest of ectoderm (mouse)"": mapped to UBERON:0000930 ""stomodeum"" because it is synonym of oral ecotderm. But UBERON:0000930 refers to the embryonal stage of the oral cavity, so I'm not really sure"
UBERON:0005597 	EMAPA:16729				"EMAPA:16729 ""left lung rudiment (mouse)"":  mapped to UBERON:0005597 ""lung primordium"" because the term has a is_a relationship to the EMAPA term in the old onthology."
UBERON:0003365	EMAPA:16731				"EMAPA:16731 ""left lung rudiment epithelium (mouse)"": mapped to UBERON:0003365 ""epithelium of left lung"" because the term has a is_a relationship to the EMAPA term in the old onthology."
 UBERON:0009536	EMAPA:16732				"EMAPA:16732 ""left lung rudiment vascular element (mouse)"": mapped to UBERON:0009536 ""vascular element of left lung""."
UBERON:0005597	EMAPA:16733				"EMAPA:16733 ""right lung rudiment (mouse)"": ""left lung rudiment (mouse)"":  mapped to UBERON:0005597 ""lung primordium"" because the term has a is_a relationship to the EMAPA term in the old onthology."
UBERON:0009603	EMAPA:16734				"EMAPA:16734 ""right lung rudiment mesenchyme (mouse)"": mapped to UBERON:0009603 ""right lung associated mesenchyme"""
UBERON:0003364 	EMAPA:16735				"EMAPA:16735 ""right lung rudiment epithelium (mouse)"": mapped to UBERON:0003364 ""epithelium of right lung"""
 UBERON:0009537	EMAPA:16736				"EMAPA:16736 ""right lung rudiment vascular element (mouse)"": mapped to UBERON:0009537 ""vascular element of right lung""."
UBERON:0003580	EMAPA:16741				"EMAPA:16741 ""tracheal diverticulum mesenchyme (mouse)"": mapped to UBERON:0003580  ""lower respiratory tract connective tissue""  because the term has a is_a relationship to the EMAPA term in the old onthology and I couldn't find any more spcific term. maybe you want to map it to UBERON:0003104 ""mesenchyme"""
UBERON:0001901	EMAPA:16742				"EMAPA:16742 ""tracheal diverticulum epithelium (mouse)"": mapped to UBERON:0001901 ""epithelium of trachea""."
UBERON:0003505	EMAPA:16743				"EMAPA:16743 ""tracheal diverticulum vascular element (mouse)"": mapped to UBERON:0003505 ""trachea blood vessel"". I think that ""vascular  element "" refers to a blood vessel, but I'm not totally sure of it."
UBERON:0014387	EMAPA:16750				"EMAPA:16750 ""tail mesenchyme derived from neural crest (mouse)"": mapped to UBERON:0014387 ""mesenchyme derived from neural crest"". The EMAPA term is very specific to the tail. So maybe add a GCI relationship to UBERON:0003599 ""tail connective tissue"""
UBERON:0001016	EMAPA:16753				"EMAPA:16753 ""tail nervous system (mouse)"": mapped to UBERON:0001016 ""nervous system"" beacause I couldn't find any uberon term referring to nevous system structure specific to the tail. "
UBERON:0006241	EMAPA:16756				"EMAPA:16756 ""tail neural plate (mouse)"": mapped to UBERON:0006241 ""future spinal cord"" because it seems more spacific than just UBERON:0003075 ""neural plate"""
UBERON:0005571	EMAPA:16787				"EMAPA:16787 ""rhombomere 02 ventricular layer (mouse)"": mapped to UBERON:0005571 ""rhombomere 2 lateral wall"" because the EMAPA term has a part_of relationship to the uberon term in old onthology and it is the closest thing to the EMAPA term that I could find."
UBERON:0005577	EMAPA:16789				"EMAPA:16789 ""rhombomere 04 ventricular layer (mouse)"": mapped to UBERON:0005577 ""rhombomere 4 lateral wall"" for the same reasons as above."
UBERON:0005586	EMAPA:16792				"EMAPA:16792 ""rhombomere 07 ventricular layer (mouse)"": mapped to UBERON:0005586 ""rhombomere 7 lateral wall"" for the same reasons as above."
UBERON:0019306	EMAPA:16801				"EMAPA:16801 ""nasal epithelium (mouse)"": mapped to UBERON:0019306 ""nose epithelium""."
UBERON:0014702	EMAPA:16803				"EMAPA:16803 ""frontal process ectoderm (mouse)"": mapped to  UBERON:0014702 ""frontonasal process epithelium"" beacause it seems the most close term to the EMAPA one. Maybe mapping it to the more general UBERON:0000076 ""external ectoderm"" is better. "
 UBERON:0009501	EMAPA:16804				"EMAPA:16804 ""frontal process mesenchyme (mouse)"": mapped to UBERON:0009501 ""mesenchyme of fronto-nasal process"" (which took me ages to find because this time someone decided to put a ""-"" between front and nasal :( ...). "
UBERON:0006218	EMAPA:16813				"EMAPA:16813 ""common atrial chamber left part (mouse)"": mapped to UBERON:0006218 ""common atrial chamber"" because the term UBERON:0002079 ""left cardiac atrium""  refers to the atrium of the fully developed heart"
UBERON:0034903	EMAPA:16815				"EMAPA:16815 ""common atrial chamber left part endocardial lining (mouse)"": mapped to UBERON:0034903 ""left atrium endocardium"". "
UBERON:0011006	EMAPA:16817				"EMAPA:16817 ""left auricular region endocardial lining (mouse)"": mapped to UBERON:0011006 ""endocardium of left auricle"""
UBERON:0003380 	EMAPA:16819				"EMAPA:16819 ""common atrial chamber left part cardiac muscle (mouse)"": mapped to UBERON:0003380 ""cardiac muscle of left atrium"""
UBERON:0006218	EMAPA:16820				"EMAPA:16820 ""common atrial chamber right part (mouse)"": mapped to UBERON:0006218 ""common atrial chamber"" because the term UBERON:0002078 ""right cardiac atrium"" refers to the atrium of the fully developed heart"
UBERON:0009129	EMAPA:16822				"EMAPA:16822 ""common atrial chamber right part endocardial lining (mouse)"": mapped to UBERON:0009129 ""right atrium endocardium"". "
UBERON:0003380	EMAPA:16823				"EMAPA:16823 ""common atrial chamber right part cardiac muscle (mouse)"": mapped to UBERON:0003380 ""cardiac muscle of left atrium"""
UBERON:0011007	EMAPA:16825				"EMAPA:16825 ""right auricular region endocardial lining (mouse)"": mapped to UBERON:0011007  ""endocardium of right auricle"""
UBERON:0003104	EMAPA:16834				"EMAPA:16834 ""esophagus mesenchyme (mouse)"": mapped to UBERON:0003104 ""mesenchyme"". Very general but there is nothing more close to the EMAPA term"
UBERON:0001280	EMAPA:16848				"EMAPA:16848 ""hepatic primordium parenchyma (mouse)"": mapped to UBERON:0001280 ""liver parenchyma"" which doesn't take into account the developmental stage. So, maybe UBERON:0003894 ""liver primordium"" is better."
UBERON:0003505	EMAPA:16856				"EMAPA:16856 ""trachea vascular element (mouse)"": mapped to UBERON:0003505 ""trachea blood vessel"""
UBERON:0005564	EMAPA:16857				"EMAPA:16857 ""gonad primordium (mouse)"": mapped to UBERON:0005564 ""gonad primordium"""
UBERON:0003066	EMAPA:16882				"EMAPA:16882 ""2nd branchial arch epithelium (mouse)"": mapped to the more general UBERON:0003066 ""pharyngeal arch 2"" because I dind't found a more specific term"
UBERON:0005874	EMAPA:16883				"EMAPA:16883 ""3rd branchial groove epithelium (mouse)"": mapped to UBERON:0005874 ""3rd arch pharyngeal cleft"" for same reasons as above. "
UBERON:0005671	EMAPA:16888				"EMAPA:16888 ""greater sac parietal mesothelium (mouse)"": mapped to UBERON:0005671 ""greater sac mesothelium"". There are not many other term for the greater sac"
UBERON:0003274	EMAPA:16891				"EMAPA:16891 ""omental bursa parietal mesothelium (mouse)"": mapped to UBERON:0003274 ""mesothelium of omental bursa""."
UBERON:0005591 	EMAPA:16907				"EMAPA:16907 ""diencephalon lateral wall marginal layer (mouse)"": mapped to UBERON:0005591 ""diencephalon lateral wall"". "
UBERON:0005591	EMAPA:16908				"EMAPA:16908 ""diencephalon lateral wall ventricular layer (mouse)"": mapped to UBERON:0005591 ""diencephalon lateral wall"""
UBERON:0004040	EMAPA:16911				"EMAPA:16911 ""telencephalon mantle layer (mouse)"": mapped to UBERON:0004040 ""cortical intermediate zone"" wich is synonym of ""cortical mantle layer"". The telencephalon contains other subcortical structures, so maybe it is better to map this term to the more general UBERON:0001893 ""telencephalon"""
UBERON:0014935	EMAPA:16912				"EMAPA:16912 ""telencephalon marginal layer (mouse)"": mapped to UBERON:0014935 ""cerebral cortex marginal layer"" but the same discourse as above applies. "
UBERON:0015829	EMAPA:16913				"EMAPA:16913 ""telencephalon ventricular layer (mouse)"": mapped to UBERON:0015829 ""forebrain ventricular layer"""
UBERON:0005567	EMAPA:16921				"EMAPA:16921 ""rhombomere 01 mantle layer (mouse)"": mapped to UBERON:0005567 ""rhombomere 1 lateral wall"" because the mantle layer is part_of lateral wall."
UBERON:0005571	EMAPA:16928				"EMAPA:16928 ""rhombomere 02 mantle layer (mouse)"": mapped to UBERON:0005571 ""rhombomere 2 lateral wall"" for the same reason as above"
UBERON:0005586	EMAPA:16963				"EMAPA:16963 ""rhombomere 07 mantle layer (mouse)"": mapped to UBERON:0005586 ""rhombomere 7 lateral wall"" for the same reason as above"
UBERON:0005495	EMAPA:16978				"EMAPA:16978 ""midbrain marginal layer (mouse)"": mapped to UBERON:0005495 ""midbrain lateral wall"" for the same reasons as above"
UBERON:0005495	EMAPA:16979				"EMAPA:16979 ""midbrain ventricular layer (mouse)"": mapped to UBERON:0005495 ""midbrain lateral wall"" for the same reasons as above"
UBERON:0002289	EMAPA:16980				"EMAPA:16980 ""mesencephalic vesicle (mouse)"": mapped to UBERON:0002289 ""midbrain cerebral aqueduct"" which is synonym of ""mesencephalic vesicle"""
UBERON:0006226	EMAPA:16995				"EMAPA:16995 ""endolymphatic appendage mesenchyme (mouse)"": mapped to UBERON:0006226 ""endolymphatic appendage"". I really searched but I couldn't find anything more specific. Maybe UBERON:0009500 ""periotic mesenchyme"" is better. "
UBERON:0006937	EMAPA:16996				"EMAPA:16996 ""endolymphatic appendage epithelium (mouse)"": mapped to the slightly more general UBERON:0006937 ""inner ear epithelium""."
UBERON:0001772	EMAPA:17003				"EMAPA:17003 ""eye surface ectoderm (mouse)"": mapped to UBERON:0001772 ""corneal epithelium"" because the cornea is at the surface of the eye. But I do not know if the EMAPA term refers precisely to the cornea.So, the more general UBERON:0000076  ""external ectoderm"" may be better"
UBERON:0005208	EMAPA:17009				"EMAPA:17009 ""common atrial chamber right part valve (mouse)"": mapped to UBERON:0005208 ""right atrium valve"""
UBERON:0003515	EMAPA:17016				"EMAPA:17016 ""marginal vein of forelimb (mouse)"": mapped to UBERON:0003515 ""forelimb blood vessel""."
UBERON:0003516	EMAPA:17017				"EMAPA:17017 ""marginal vein of hindlimb (mouse)"": mapped to UBERON:0003516 ""hindlimb blood vessel""."
UBERON:0000945	EMAPA:17022				"EMAPA:17022 ""stomach mesenchyme (mouse)"": mapped to UBERON:0000945 ""stomach"". There's a real lack of uberon terms referring to the mesenchyme of the digestive tract"
UBERON:0003497	EMAPA:17027				"EMAPA:17027 ""stomach vascular element (mouse)"": mapped to UBERON:0003497 ""abdomen blood vessel""."
UBERON:0009478	EMAPA:17037				"EMAPA:17037 ""midgut loop mesenchyme (mouse)"": mapped to UBERON:0009478 ""associated mesenchyme of midgut"""
UBERON:0003352	EMAPA:17038				"EMAPA:17038 ""midgut loop epithelium (mouse)"": mapped to UBERON:0003352 ""epithelium of midgut"""
UBERON:0005495	EMAPA:17072				"EMAPA:17072 ""metencephalon lateral wall (mouse)"": mapped to UBERON:0005495 ""midbrain lateral wall"""
UBERON:0009581	EMAPA:17073				"EMAPA:17073 ""metencephalon alar plate (mouse)"": mapped to UBERON:0009581 ""midbrain mantle laye"" because this term has a part_of relationship with EHDAA2:0004374 ""midbrain alar plate (human)"". So, UBERON:0009581 is the closest term to the EMAPA term that I could find."
UBERON:0005358	EMAPA:17077				"EMAPA:17077 "" metencephalon alar plate ventricular layer (mouse)"": mapped to the general UBERON:0005358 ""ventricle of nervous system"" because I couldn't find a more specific term. "
UBERON:0005239	EMAPA:17081				"EMAPA:17081 ""metencephalon basal plate ventricular layer (mouse)"": mapped to UBERON:0005239 ""basal plate metencephalon"", which is the most specific term that I could find. Maybe the more general UBERON:0005358 ""ventricle of nervous system"" is more appropiate"
UBERON:0005290	EMAPA:17083				"EMAPA:17083 ""myelencephalon lateral wall (mouse)"": mapped to UBERON:0005290 to the general ""myelencephalon"""
UBERON:0005240	EMAPA:17084				"EMAPA:17084 ""myelencephalon alar plate (mouse)"": mapped to UBERON:0005240 ""basal plate medulla oblongata"" because the alar plate is part of the basal plate.  Also ""medulla oblongata is synonym of myelencephalon"""
UBERON:0005240	EMAPA:17091				"EMAPA:17091 ""myelencephalon basal plate ventricular layer (mouse)"": mapped to UBERON:0005240 ""basal plate medulla oblongata"". "
UBERON:0004064	EMAPA:17150				"EMAPA:17150 ""neural tube basal columns (mouse)"": mapped to UBERON:0004064 ""neural tube basal plate"". I couldn't find a lot of info on these ""basal columns"", but they seem to be a structure in the basal plate. "
UBERON:0002192	EMAPA:17169				"EMAPA:17169 ""embryonic fissure (mouse)"": mapped to UBERON:0002192 ""ventricular system choroidal fissure"" that is a synonym of ""choroid fissure"", which is a synonym of ""embryonic fissure"""
UBERON:0003286	EMAPA:17179				"EMAPA:17179 ""duodenum rostral part (mouse)"": mapped to UBERON:0003286 ""foregut region of duodenum"" because it seems to refer to the same part than the EMAPA term"
UBERON:0003286	EMAPA:17180				"EMAPA:17180 ""duodenum rostral part mesenchyme (mouse)"": mapped to UBERON:0003286 ""foregut region of duodenum""."
 UBERON:0005643	EMAPA:17181				"EMAPA:17181 ""duodenum rostral part epithelium (mouse)"": mapped to UBERON:0005643 ""foregut duodenum epithelium""."
UBERON:0005711	EMAPA:17182				"EMAPA:17182 ""duodenum rostral part mesentery (mouse)"": Mapped to UBERON:0005711 ""foregut duodenum mesentery""."
UBERON:0006876	EMAPA:17184				"EMAPA:17184 ""duodenum rostral part vascular element (mouse)"": mapped to UBERON:0006876 ""vasculature of organ"". "
UBERON:0003416	EMAPA:17191				"EMAPA:17191 ""lateral lingual swelling mesenchyme (mouse)"": mapped to UBERON:0003416 ""mesenchyme of tongue"" beacause it s the closest term to the EMAPA one"
UBERON:0003416	EMAPA:17192				"EMAPA:17192 ""median lingual swelling mesenchyme (mouse)"": mapped to UBERON:0003416 ""mesenchyme of tongue"" for the same reasons as above. "
UBERON:0003287	EMAPA:17194				"EMAPA:17194 ""duodenum caudal part (mouse)"": mapped to UBERON:0003287 ""midgut region of duodenu"" because it seems to refer to the same part than the EMAPA term."
UBERON:0009478	EMAPA:17195				"EMAPA:17195 ""duodenum caudal part mesenchyme (mouse)"": mapped to UBERON:0009478 ""associated mesenchyme of midgut"""
UBERON:0005644	EMAPA:17196				"EMAPA:17196 ""duodenum caudal part epithelium (mouse)"": mapped to UBERON:0005644 ""midgut duodenum epithelium"". "
UBERON:0013506	EMAPA:17216				"EMAPA:17216 ""cervical vertebral pre-cartilage condensation (mouse)"": mapped to UBERON:0013506 ""cervical vertebra pre-cartilage condensation"""
UBERON:0005872	EMAPA:17241				"EMAPA:17241 ""1st branchial groove epithelium (mouse)"": mapped to UBERON:0005872 ""1st arch pharyngeal cleft"" wich is synonym with ""1st branchial groove """
UBERON:0005417	EMAPA:17242				"EMAPA:17242 ""future arm (mouse)"": mapped to UBERON:0005417 ""forelimb bud"". It seems that this term is more general than the EMAPA one, but is quite close"
 UBERON:0003372	EMAPA:17243				"EMAPA:17243 ""future arm ectoderm (mouse)"": mapped to UBERON:0003372 ""pectoral appendage bud ectoderm"" which is a synonym of ""arm ectoderm"". "
UBERON:0003413	EMAPA:17244				"EMAPA:17244 ""future arm mesenchyme (mouse)"": mapped to UBERON:0003413 ""pectoral appendage bud mesenchyme"". "
UBERON:0003372	EMAPA:17246				"EMAPA:17246 ""handplate ectoderm (mouse)"": mapped to the more general UBERON:0003372 ""pectoral appendage bud ectoderm"". Maybe mapping this term to UBERON:0006875 ""handplate"" is preferrable. "
UBERON:0005418	EMAPA:17253				"EMAPA:17253 ""future leg (mouse)"": mapped to UBERON:0005418 ""hindlimb bud"". It seems that this term is more general than the EMAPA one, but is quite close"
UBERON:0003371	EMAPA:17254				"EMAPA:17254 ""future leg ectoderm (mouse)"": mapped to UBERON:0003371 ""pelvic appendage bud ectoderm"". "
UBERON:0003412	EMAPA:17255				"EMAPA:17255 ""future leg mesenchyme (mouse)"": mapped to UBERON:0003412 ""pelvic appendage bud mesenchyme"""
UBERON:0003302	EMAPA:17259				"EMAPA:17259 ""metencephalon roof (mouse)"": mapped to UBERON:0003302 ""roof plate of metencephalon"". I'm not sure wether these two terms correspond. Alternatively could be mapped to UBERON:0001895 ""metencephalon"""
UBERON:0003079	EMAPA:17260				"EMAPA:17260 ""myelencephalon floor plate (mouse)"": mapped to the general UBERON:0003079 ""floor plate"". But could be mapped to UBERON:0005290 ""myelencephalon"""
UBERON:0003054	EMAPA:17261				"EMAPA:17261 ""myelencephalon roof plate (mouse)"": mapped to UBERON:0003054 ""roof plate"". This term is the similar to the one above. So the same reaoning applies. "
 UBERON:0001021	EMAPA:17263				"EMAPA:17263 ""central nervous system nerve (mouse)"": mapped to UBERON:0001021""nerve"".  there is also UBERON:0003266 ""obsolete nerve of central nervous system""."
UBERON:0001854	EMAPA:17291				"EMAPA:17291 ""saccule mesenchyme (mouse)"": mapped to UBERON:0001854 ""saccule of membranous labyrinth"" because the EMAPA term has a ""part_of"" relationship with this term in old onthology"
UBERON:0001853	EMAPA:17294				"EMAPA:17294 ""utricle mesenchyme (mouse)"": mapped to UBERON:0001853 ""utricle of membranous labyrinth"" for same reson as above. "
UBERON:0005656 	EMAPA:17306				"EMAPA:17306 ""lens vesicle posterior epithelium (mouse)"": mapped to the slightly more general UBERON:0005656 ""lens vesicle epithelium"""
UBERON:0011006 	EMAPA:17317				"EMAPA:17317 ""left atrium auricular region endocardial lining (mouse)"": mapped to UBERON:0011006 ""endocardium of left auricle"" which is synonym of ""left atrium auricular region endocardium"""
UBERON:0034903	EMAPA:17319				"EMAPA:17319 ""left atrium endocardial lining (mouse)"": mapped to UBERON:0034903 ""left atrium endocardium"""
UBERON:0011007	EMAPA:17323				"EMAPA:17323 ""right atrium auricular region endocardial lining (mouse)"": mapped to UBERON:0011007 ""endocardium of right auricle"""
UBERON:0009129	EMAPA:17325				"EMAPA:17325 ""right atrium endocardial lining (mouse)"": mapped to UBERON:0009129 ""right atrium endocardium"""
UBERON:0005243	EMAPA:17334				"EMAPA:17334 ""interventricular septum endocardial lining (mouse)"": mapped to UBERON:0005243 ""interventricular septum endocardium"""
UBERON:0003082	EMAPA:17353				"EMAPA:17353 ""occipital myotome (mouse)"": mapped to the more general UBERON:0003082 ""myotome"". I cannot find a more specific term"
UBERON:0005867	EMAPA:17356				"EMAPA:17356 ""mandible primordium (mouse)"": mapped to UBERON:0005867 ""mandibular prominence"" which seems the term that is closer to the EMAPA one"
UBERON:0005868	EMAPA:17360				"EMAPA:17360 ""maxilla primordium (mouse)"": mapped to UBERON:0005868 ""maxillary prominence"" for same reason as above. "
 UBERON:0003393	EMAPA:17368				"EMAPA:17368 ""urogenital mesentery (mouse)"": mapped to UBERON:0003393 ""mesentery of urinary system"""
UBERON:0004884	EMAPA:17389				"EMAPA:17389 ""left lung rudiment lobar bronchus mesenchyme (mouse)"": mapped to UBERON:0004884 ""lobar bronchus mesenchyme"". But could be mapped to UBERON:0009602 ""left lung associated mesenchyme"" too"
UBERON:0015794	EMAPA:17390				"EMAPA:17390 ""left lung rudiment lobar bronchus epithelium (mouse)"": mapped to UBERON:0015794  ""left lung lobar bronchus epithelium"""
UBERON:0013505	EMAPA:17392				"EMAPA:17392 ""cervical vertebral cartilage condensation (mouse)"": mapped to UBERON:0013505 ""cervical vertebra cartilage element"" which is synonym of ""cervical vertebral cartilage condensation group"""
UBERON:0003089	EMAPA:17395				"EMAPA:17395 ""sclerotome condensation (mouse)"": mapped to UBERON:0003089 ""sclerotome"" since the other uberon terms that refers to sclerotomes are far too specific"
UBERON:0013508	EMAPA:17398				"EMAPA:17398 ""thoracic vertebral pre-cartilage condensation (mouse)"": mapped to UBERON:0013508 ""thoracic vertebra pre-cartilage condensation"""
UBERON:0005429	EMAPA:17505				"EMAPA:17505 ""dorsal pancreatic duct of pancreas body (mouse)"": mapped to UBERON:0005429 ""dorsal pancreatic duct"". But could be mapped to UBERON:0001150 ""body of pancreas"" too."
UBERON:0005429	EMAPA:17512				"EMAPA:17512 ""dorsal pancreatic duct of pancreas tail (mouse)"": mapped to UBERON:0005429 ""dorsal pancreatic duct"". But could be mapped to UBERON:0001151 ""tail of pancreas"" too."
UBERON:0019204 	EMAPA:17530				"EMAPA:17530 ""vibrissa epithelium (mouse)"": mapped to the more general UBERON:0019204 ""skin epithelium"". Maybe could be mapped to the UBERON:0011933 ""vibrissa unit"" to be a bit more specific. "
UBERON:0011933 	EMAPA:17531				"EMAPA:17531 ""vibrissa mesenchyme (mouse)"": mapped to UBERON:0011933 ""vibrissa unit"". I couldn't foind any term that refer to the mesenchyme of the skin"
UBERON:0001899	EMAPA:17534				"EMAPA:17534 ""epithalamus marginal layer (mouse)"": mapped to UBERON:0001899 ""epithalamus"""
UBERON:0001898	EMAPA:17537				"EMAPA:17537 ""hypothalamus mantle layer (mouse)"": mapped to UBERON:0001898 ""hypothalamus"""
UBERON:0001898	EMAPA:17538				"EMAPA:17538 ""hypothalamus marginal layer (mouse)"": mapped to UBERON:0001898 ""hypothalamus"""
UBERON:0001898	EMAPA:17539				"EMAPA:17539 ""hypothalamus ventricular layer (mouse)"": mapped to UBERON:0001898 ""hypothalamus"""
UBERON:0004703	EMAPA:17541				"EMAPA:17541 ""thalamus mantle layer (mouse)"": mapped to UBERON:0001897 ""dorsal plus ventral thalamus"" because is the closest uberon term to the EMAPA one"
UBERON:0001897	EMAPA:17542				"EMAPA:17542 ""thalamus marginal layer (mouse)"": mapped to UBERON:0001897 ""dorsal plus ventral thalamus"" "
UBERON:0001897	EMAPA:17543				"EMAPA:17543 ""thalamus ventricular layer (mouse)"": mapped to UBERON:0001897 ""dorsal plus ventral thalamus"" "
UBERON:0001896	EMAPA:17552				"EMAPA:17552 ""medulla oblongata lateral wall (mouse)"": mapped to UBERON:0001896 ""medulla oblongata"""
UBERON:0005240	EMAPA:17553				"EMAPA:17553 ""medulla oblongata alar plate (mouse)"": mapped to UBERON:0005240 ""basal plate medulla oblongata"" beacause the alar plate is part of the basal plate."
UBERON:0005240	EMAPA:17554				"EMAPA:17554 ""medulla oblongata alar plate mantle layer (mouse)"": mapped to UBERON:0005240 ""basal plate medulla oblongata"""
UBERON:0005240	EMAPA:17555				"EMAPA:17555 ""medulla oblongata alar plate marginal layer (mouse)"": mapped to UBERON:0005240 ""basal plate medulla oblongata"""
UBERON:0005240	EMAPA:17556				"EMAPA:17556 ""medulla oblongata alar plate ventricular layer (mouse)"": mapped to UBERON:0005240 ""basal plate medulla oblongata"""
UBERON:0005240	EMAPA:17558				"EMAPA:17558 ""medulla oblongata basal plate mantle layer (mouse)"": mapped to UBERON:0005240 ""basal plate medulla oblongata"""
UBERON:0005240	EMAPA:17559				"EMAPA:17559 ""medulla oblongata basal plate marginal layer (mouse)"": mapped to UBERON:0005240 ""basal plate medulla oblongata"""
UBERON:0005240	EMAPA:17560				"EMAPA:17560 ""medulla oblongata basal plate ventricular layer (mouse)"": mapped to UBERON:0005240 ""basal plate medulla oblongata"""
UBERON:0003303	EMAPA:17562				"EMAPA:17562 ""medulla oblongata roof (mouse)"": mapped to UBERON:0003303 ""roof plate of medulla oblongata"". It seems to me that the two ters are equivalent."
 UBERON:0000988 	EMAPA:17564				"EMAPA:17564 ""pons mantle layer (mouse)"": mapped to UBERON:0000988 ""pons"""
 UBERON:0000988 	EMAPA:17565				"EMAPA:17565 ""pons marginal layer (mouse)"": mapped to UBERON:0000988 ""pons"""
UBERON:0000988 	EMAPA:17566				"EMAPA:17566 ""pons ventricular layer (mouse)"": mapped to UBERON:0000988 ""pons"""
UBERON:0002290	EMAPA:17568				"EMAPA:17568 ""metencephalon part of 4th ventricle choroid plexus (mouse)"": mapped to UBERON:0002290 ""choroid plexus of fourth ventricle"""
UBERON:0009583	EMAPA:17582				"EMAPA:17582 ""basal columns (mouse)"": mapped to UBERON:0009583 ""spinal cord mantle layer"" because the EMAPA term has a ""part_of relationship term with this uberon term and I cannot find anything more appropiate"
UBERON:0009582	EMAPA:17583				"EMAPA:17583 ""spinal cord marginal layer (mouse)"": mapped to UBERON:0009582 ""spinal cord lateral wall"" because the marginal layer is part of the lateral wall"
UBERON:0001855 	EMAPA:17599				"EMAPA:17599 ""cochlear duct mesenchyme (mouse)"": mapped to the more general UBERON:0001855 ""cochlear duct of membranous labyrinth"""
UBERON:0014702	EMAPA:17611				"EMAPA:17611 ""medial-nasal process epithelium (mouse)"": mapped to the slightly more general UBERON:0014702 ""frontonasal process epithelium"""
UBERON:0002062	EMAPA:17618				"EMAPA:17618 ""atrioventricular cushion tissue (mouse)"": mapped to UBERON:0002062 ""endocardial cushion"""
UBERON:0011953	EMAPA:17624				"EMAPA:17624 ""stomach glandular region mesenchyme (mouse)"": mapped to UBERON:0011953 ""stomach glandular region"". But maybe mapping it to UBERON:0003104 ""mesenchyme"" is better"
UBERON:0001276	EMAPA:17625				"EMAPA:17625 ""stomach glandular region epithelium (mouse)"": mapped to UBERON:0001276 ""epithelium of stomach""."
UBERON:0011954	EMAPA:17628				"EMAPA:17628 ""stomach proventricular region mesenchyme (mouse)"": mapped to UBERON:0011954 ""stomach non-glandular region"" which is a very bad mapping but I couldn't find anything better. "
UBERON:0001276 	EMAPA:17629				"EMAPA:17629 ""stomach proventricular region epithelium (mouse)"": mapped to UBERON:0001276 ""epithelium of stomach"""
UBERON:0001166	EMAPA:17632				"EMAPA:17632 ""stomach pyloric region mesenchyme (mouse)"": mapped to the more general UBERON:0001166 ""pylorus"". But maybe mapping it to UBERON:0003104 ""mesenchyme"" is better"
UBERON:0004884	EMAPA:17657				"EMAPA:17657 ""left lung lobar bronchus mesenchyme (mouse)"": mapped to UBERON:0004884 ""lobar bronchus mesenchyme"". Also UBERON:0009602 ""left lung associated mesenchyme"" could be a good mapping"
UBERON:0003582	EMAPA:17671				"EMAPA:17671 ""nasopharynx mesenchyme (mouse)"": mapped to the more general, but accurate, UBERON:0003582 ""nasopharynx connective tissue"""
UBERON:0013509 	EMAPA:17675				"EMAPA:17675 ""lumbar vertebral cartilage condensation (mouse)"": mapped to UBERON:0013509 ""lumbar vertebra cartilage element"", which is synonym of ""lumbar vertebral cartilage condensation group"""
UBERON:0013507	EMAPA:17679				"EMAPA:17679 ""thoracic vertebral cartilage condensation (mouse)"": mapped to UBERON:0013507 ""thoracic vertebra cartilage element"""
UBERON:0001948	EMAPA:17700				"EMAPA:17700 ""tail spinal cord (mouse)"": mapped to UBERON:0001948 ""regional part of spinal cord"" because I think it is more specific to a region (tail in this case). However, maybe mapping it just to UBERON:0002240 ""spinal cord"""
UBERON:0010541	EMAPA:17735				"EMAPA:17735 ""future tarsus (mouse)"": mapped to UBERON:0010541 ""tarsus cartilage element"" because the definition says ""A cartilaginous condensation that has the potential to develop into a tarsal bone."". However, also UBERON:0010540 ""tarsus pre-cartilage condensation"" has a similar definition. maybe mapping the term to a more genreal UBERON:0010695 ""mesenchyme of tarsal region"" is better"
UBERON:0010540	EMAPA:17738				"EMAPA:17738 ""talus pre-cartilage condensation (mouse)"": mapped to UBERON:0010540 ""tarsus pre-cartilage condensation"" because the talus is part of the tarsus"
UBERON:0010886	EMAPA:17741				"EMAPA:17741 ""tibia-fibula pre-cartilage condensation (mouse)"": mapped to UBERON:0010886 ""hindlimb pre-cartilage condensation"""
UBERON:0018254	EMAPA:17743				"EMAPA:17743 ""vertebral axis musculature (mouse)"": mapped to the general UBERON:0018254 ""skeletal musculature"""
 UBERON:0005865	EMAPA:17746				"EMAPA:17746 ""anterior abdominal wall undifferentiated pre-muscle mass (mouse)"": mapped to the general UBERON:0005865 ""pre-muscle condensation"" because the other terms referring to pre-muscle mass are far too specific"
UBERON:0004809	EMAPA:17753				"EMAPA:17753 ""sublingual gland primordium epithelium (mouse)"": mapped to UBERON:0004809 ""salivary gland epithelium"". Maybe you would prefer to map it to UBERON:0006297 ""sublingual gland primordium"""
UBERON:0011933	EMAPA:17762				"EMAPA:17762 ""vibrissa dermal component (mouse)"": mapped to UBERON:0011933 ""vibrissa unit"""
UBERON:0011933	EMAPA:17763				"EMAPA:17763 ""vibrissa epidermal component (mouse)"": mapped to UBERON:0011933 ""vibrissa unit"""
UBERON:0002894 	EMAPA:17780				"EMAPA:17780 ""olfactory cortex mantle layer (mouse)"": mapped to UBERON:0002894  ""olfactory cortex"" because I couldn't find anything more specific"
UBERON:0002894 	EMAPA:17781				"EMAPA:17781 ""olfactory cortex marginal layer (mouse)"":  mapped to UBERON:0002894  ""olfactory cortex"" for the same reason as above"
UBERON:0002894 	EMAPA:17782				"EMAPA:17782 "" olfactory cortex ventricular layer (mouse)"": mapped to UBERON:0002894  ""olfactory cortex"" to remain consistent with the 2 previous mappings, but could be mapped also to UBERON:0015829 ""forebrain ventricular layer"" beacuase the EMAPA term is part_of this term"
UBERON:0002037	EMAPA:17788				"EMAPA:17788 ""cerebellum mantle layer (mouse)"": mapped to the more general UBERON:0002037 ""cerebellum""."
UBERON:0001862	EMAPA:17816				"EMAPA:17816 ""labyrinth mesenchyme (mouse)"": mapped to UBERON:0001862 ""vestibular labyrinth"" because i cannot find a term that resfers to the inner ear mesenchyme"
UBERON:0006932	EMAPA:17817				"EMAPA:17817 ""labyrinth epithelium (mouse)"": mapped to UBERON:0006932 ""vestibular epithelium"" because the EMAPA term has an is_a relationship with the uberon term in the old onthology. "
UBERON:0002444 	EMAPA:17843				"EMAPA:17843 ""posterior lens fiber (mouse)"": mapped to the sligthly more general UBERON:0002444  ""lens fiber"""
UBERON:0035036	EMAPA:17850				"EMAPA:17850 ""posterior naris epithelium (mouse)"": mapped to the slightly more general UBERON:0035036""naris epithelium"""
UBERON:0001515	EMAPA:17857				"EMAPA:17857 ""post-ductal part of thoracic aorta (mouse)"": mapped to UBERON:0001515 ""thoracic aorta"""
UBERON:0002062	EMAPA:17866				"EMAPA:17866 ""bulbar cushion (mouse)"": mapped to UBERON:0002062 ""endocardial cushion"" but a more appropiate part_of relationship could be more appropiateEMAPA:17866 ""bulbar cushion (mouse)"": mapped to UBERON:0002062 ""endocardial cushion"" but a more appropiate part_of relationship could be more appropiateEMAPA:17866 ""bulbar cushion (mouse)"": mapped to UBERON:0002062 ""endocardial cushion"" but a more appropiate part_of relationship could be more appropiateEMAPA:17866 ""bulbar cushion (mouse)"": mapped to UBERON:0002062 ""endocardial cushion"" but a more appropiate part_of relationship could be more appropiateEMAPA:17866 ""bulbar cushion (mouse)"": mapped to UBERON:0002062 ""endocardial cushion"" but a more appropiate part_of relationship could be more appropiateEMAPA:17866 ""bulbar cushion (mouse)"": mapped to UBERON:0002062 ""endocardial cushion"" but a more appropiate part_of relationship could be more appropiateEMAPA:17866 ""bulbar cushion (mouse)"": mapped to UBERON:0002062 ""endocardial cushion"" but a more appropiate part_of relationship could be more appropiate"
UBERON:0001160	EMAPA:17887				"EMAPA:17887 ""stomach fundus mesenchyme (mouse)"": mapped to UBERON:0001160 ""fundus of stomach"""
UBERON:0003353	EMAPA:17894				"EMAPA:17894 ""perineal body epithelium (mouse)"":  mapped to the more general UBERON:0003353 ""epithelium of hindgut"""
UBERON:0009503 	EMAPA:17897				"EMAPA:17897 ""rectum mesenchyme (mouse)"": mapped to UBERON:0009503 ""mesenchyme of hindgut"", but maybe mapping to UBERON:0001052 ""rectum"" is better"
UBERON:0001709	EMAPA:17937				"EMAPA:17937 ""upper jaw alveolar sulcus (mouse)"": mapped to the general UBERON:0001709 ""upper jaw region"" becaus I couldn't find any term analogous to alveolar sulcus"
UBERON:0002120 	EMAPA:17954				"EMAPA:17954 ""early nephron group (mouse)"": mapped to UBERON:0002120 ""pronephros"" but I'm not sure that the EMAPA and UBERON term are equivalents"
UBERON:0001333	EMAPA:17956				"EMAPA:17956 ""phallic urethra of male (mouse)"": mapped to UBERON:0001333 ""male urethra""."
UBERON:0013247 	EMAPA:17970				"EMAPA:17970 ""nephric duct of male, mesonephric portion (mouse)"": mapped to UBERON:0013247 ""male paramesonephric duct"", but I'm not sure that the EMAPA and UBERON term are equivalents"
CL:0000019	EMAPA:17975				"EMAPA:17975 ""germ cell of testis (mouse)"": mapped to CL:0000019 ""sperm"" because i think that ""germ cell of testis"" is just an overcomplicated way to say sperm cell"
UBERON:0004901	EMAPA:17988				"EMAPA:17988 ""right lung caudal lobe lobar bronchus mesenchyme (mouse)"": mapped to UBERON:0004901 ""right lung lobar bronchus mesenchyme"""
UBERON:0015795	EMAPA:17989				"EMAPA:17989 ""right lung caudal lobe lobar bronchus epithelium (mouse)"": mapped to UBERON:0015795  ""right lung lobar bronchus epitheium"", but also a mapping to UBERON:0005640  ""right lung caudal lobe epithelium"" could work"
UBERON:0003403	EMAPA:18057				"EMAPA:18057  ""forearm dermis (mouse)"": mapped to UBERON:0003403 ""skin of forearm""."
UBERON:0010690	EMAPA:18069				"EMAPA:18069 ""forelimb digit 1 epidermis (mouse)"": mapped to UBERON:0010690 ""manual digit 1 epithelium"""
UBERON:0005645	EMAPA:18074				"EMAPA:18074 ""forelimb digit 2 epidermis (mouse)"": mapped to UBERON:0005645 ""manual digit 2 epithelium"""
UBERON:0005646	EMAPA:18079				"EMAPA:18079 ""forelimb digit 3 epidermis (mouse)"": mapped to UBERON:0005646 ""manual digit 3 epithelium"""
UBERON:0005647	EMAPA:18084				"EMAPA:18084 ""forelimb digit 4 epidermis (mouse)"": mapped to UBERON:0005647 ""manual digit 4 epithelium"""
UBERON:0005648	EMAPA:18089				"EMAPA:18089 ""forelimb digit 5 epidermis (mouse)"": mapped to UBERON:0005648 ""manual digit 5 epithelium"""
UBERON:0003530	EMAPA:18108				"EMAPA:18108 ""hindlimb digit 1 skin (mouse)"": mapped to UBERON:0003530 ""pedal digit skin"", but could also be mapped to UBERON:0003631 ""pedal digit 1"""
UBERON:0003530	EMAPA:18109				"EMAPA:18109 ""hindlimb digit 1 dermis (mouse)"": mapped to UBERON:0003530 ""pedal digit skin"", but could also be mapped to UBERON:0003631 ""pedal digit 1"""
UBERON:0003530	EMAPA:18113				"EMAPA:18113 ""hindlimb digit 2 skin (mouse)"": mapped to UBERON:0003530 ""pedal digit skin"", but could also be mapped to UBERON:0003632 ""pedal digit 2"""
UBERON:0003530	EMAPA:18114				"EMAPA:18114 ""hindlimb digit 2 dermis (mouse)"": mapped to UBERON:0003530 ""pedal digit skin"", but could also be mapped to UBERON:0003632 ""pedal digit 2"""
UBERON:0003530 	EMAPA:18118				"EMAPA:18118 ""hindlimb digit 3 skin (mouse)"":  mapped to UBERON:0003530 ""pedal digit skin"", but could also be mapped to UBERON:0003633 ""pedal digit 3"""
UBERON:0003530	EMAPA:18123				"EMAPA:18123 ""hindlimb digit 4 skin (mouse)"": mapped to UBERON:0003530 ""pedal digit skin"", but could also be mapped to UBERON:0003634 ""pedal digit 4"""
UBERON:0003530	EMAPA:18124				"EMAPA:18124 ""hindlimb digit 4 dermis (mouse)"": mapped to UBERON:0003530 ""pedal digit skin"", but could also be mapped to UBERON:0003634 ""pedal digit 4"""
UBERON:0003530	EMAPA:18128				"EMAPA:18128 ""hindlimb digit 5 skin (mouse)"": mapped to UBERON:0003530 ""pedal digit skin"", but could also be mapped to UBERON:0003635  ""pedal digit 5"""
UBERON:0003530	EMAPA:18129				"EMAPA:18129 ""hindlimb digit 5 dermis (mouse)"": mapped to UBERON:0003530 ""pedal digit skin"", but could also be mapped to UBERON:0003635  ""pedal digit 5"""
UBERON:0004264	EMAPA:18157				"EMAPA:18157 ""lower leg dermis (mouse)"": mapped to UBERON:0004264 ""lower leg skin""."
UBERON:0014401	EMAPA:18252				"EMAPA:18252 ""hepatico-cardiac vein (mouse)"": mapped to UBERON:0014401 ""renal venous blood vessel"" which seems a generic term that could incompass also the EMAPA term. However, maybe it is better to be even more generic and map to UBERON:0001638 ""vein"""
UBERON:0015716	EMAPA:18263				"EMAPA:18263 ""anal canal caudal part epithelium (mouse)"": mapped to UBERON:0015716 ""anal canal epithelium""."
UBERON:0004550	EMAPA:18268				"EMAPA:18268 ""gastro-esophageal junction mesenchyme (mouse)"": mapped to the more general UBERON:0004550 ""gastroesophageal sphincter"". As always, there's a lack of terms referring to the mesenchyme of the digestive tract. "
UBERON:0001276	EMAPA:18269				"EMAPA:18269 ""gastro-esophageal junction epithelium (mouse)"": mapped to UBERON:0001276 ""epithelium of stomach"" which is not totally equivalent but close enough. A mapping to UBERON:0035838 ""esophagogastric junction mucosa""  could be good to "
UBERON:0004994	EMAPA:18284				"EMAPA:18284 ""stomach fundus glandular mucous membrane (mouse)"": mapped to UBERON:0004994 ""mucosa of fundus of stomach"". "
UBERON:0003278	EMAPA:18291				"EMAPA:18291 ""lower jaw alveolar sulcus (mouse)"": mapped to UBERON:0003278  ""skeleton of lower jaw"""
UBERON:0015842	EMAPA:18293				"EMAPA:18293 ""lower jaw incisor enamel organ (mouse)"": mapped to UBERON:0015842 ""incisor enamel organ"". but maybe a mapping to UBERON:0005710 ""lower jaw incisor epithelium"" is more accurate"
UBERON:0005708	EMAPA:18294				"EMAPA:18294 ""lower jaw incisor dental papilla (mouse)"": mapped to UBERON:0005708 ""lower jaw incisor odontogenic papilla"" because ""odontogenic"" is a complex way to say ""dental"""
UBERON:0015841	EMAPA:18295				"EMAPA:18295 ""lower jaw molar dental lamina (mouse)"": mapped to UBERON:0015841 ""molar dental lamina"""
UBERON:0015843	EMAPA:18296				"EMAPA:18296 ""lower jaw molar enamel organ (mouse)"": mapped to UBERON:0015843 ""molar enamel organ"""
UBERON:0005701	EMAPA:18297				"EMAPA:18297 ""lower jaw molar dental papilla (mouse)"": mapped to UBERON:0005701 ""lower jaw molar odontogenic papilla""."
UBERON:0015840	EMAPA:18298				"EMAPA:18298 ""upper jaw incisor dental lamina (mouse)"": mapped to UBERON:0015840 ""incisor dental lamina"".  Maybe a mapping to UBERON:0005709 ""upper jaw incisor epithelium"" is preferable "
UBERON:0015842	EMAPA:18299				"EMAPA:18299 ""upper jaw incisor enamel organ (mouse)"": mapped to UBERON:0015842 ""incisor enamel organ""."
UBERON:0005707	EMAPA:18300				"EMAPA:18300 ""upper jaw incisor dental papilla (mouse)"": mapped to UBERON:0005707 ""upper jaw incisor odontogenic papilla"""
UBERON:0015841 	EMAPA:18301				"EMAPA:18301 ""upper jaw molar dental lamina (mouse)"": mapped to UBERON:0015841 ""molar dental lamina"" but maybe a mapping to UBERON:0005653 ""upper jaw molar epithelium"" is slightly more accurate"
UBERON:0015843 	EMAPA:18302				"EMAPA:18302 ""upper jaw molar enamel organ (mouse)"": mapped to UBERON:0015843 ""molar enamel organ"""
UBERON:0005700 	EMAPA:18303				"EMAPA:18303 ""upper jaw molar dental papilla (mouse)"": mapped to UBERON:0005700 ""upper jaw molar odontogenic papilla"". "
UBERON:0000010	EMAPA:18370				"EMAPA:18370 ""tail peripheral nervous system (mouse)"": mapped to the general UBERON:0000010 ""peripheral nervous system"" because I couldn't find a more specific term"
UBERON:0003338	EMAPA:18371				"EMAPA:18371 ""tail ganglion (mouse)"": mapped to UBERON:0003338 ""ganglion of peripheral nervous system""."
UBERON:0011953	EMAPA:18383				"EMAPA:18383 ""stomach glandular region lumen (mouse)"": mapped to UBERON:0011953""stomach glandular region"". "
 UBERON:0011954	EMAPA:18384				"EMAPA:18384 ""stomach proventricular region lumen (mouse)"": mapped to UBERON:0011954 ""stomach non-glandular region"" because the EMAPA term has a part_of relationship with this term in the old onthology and I couldn't find anything more specific"
UBERON:0001166	EMAPA:18385				"EMAPA:18385 ""stomach pyloric region lumen (mouse)"": mapped to the sligthly more general UBERON:0001166 ""pylorus"""
UBERON:0006235	EMAPA:18386				"EMAPA:18386 ""foregut-midgut junction lumen (mouse)"": mapped to UBERON:0006235 ""foregut-midgut junction""."
UBERON:0006654 	EMAPA:18387				"EMAPA:18387 ""perineal body lumen (mouse)"": mapped to UBERON:0006654 ""perineal body""."
UBERON:0016512 	EMAPA:18390				"EMAPA:18390 ""duodenum caudal part lumen (mouse)"": mapped to the more general UBERON:0016512 ""lumen of duodenum"""
UBERON:0011698	EMAPA:18391				"EMAPA:18391 ""midgut loop lumen (mouse)"": mapped to UBERON:0011698 ""midgut loop"" but maybe a mapping to UBERON:0007147 ""lumen of midgut"" is more accurate"
UBERON:0002331	EMAPA:18404				"EMAPA:18404 ""physiological umbilical hernia (mouse)"": mapped to UBERON:0002331  ""umbilical cord"". From what I understand, a physiological umbilical hernia is a particular change in the umbilical cord position during development. No term in UBERON is this specific."
UBERON:0002331	EMAPA:18405				"EMAPA:18405 ""physiological umbilical hernia dermis (mouse)"": mapped mapped to UBERON:0002331  ""umbilical cord"" for similar reasons as above. Maybe you would prefer a mapping to UBERON:0002067 ""dermis"""
UBERON:0002331	EMAPA:18406				"EMAPA:18406 ""physiological umbilical hernia epidermis (mouse)"": mapped to UBERON:0002331  ""umbilical cord"" for similar reasons as above. Maybe you would prefer a mapping to UBERON:0001003 ""skin epidermis"""
UBERON:0009505 	EMAPA:18408				"EMAPA:18408 ""carina trachea mesenchyme (mouse)"": mapped to UBERON:0009505 ""mesenchyme of trachea"". Also a mapping to UBERON:0006679 ""carina of trachea"" could work"
UBERON:0005671	EMAPA:18414				"EMAPA:18414 ""greater sac visceral mesothelium (mouse)"": mapped to UBERON:0005671 ""greater sac mesothelium""."
UBERON:0003318	EMAPA:18430				"EMAPA:18430 ""elbow rest of mesenchyme (mouse)"": mapped to UBERON:0003318 ""mesenchyme of elbow""."
UBERON:0003327 	EMAPA:18431				"EMAPA:18431 ""forearm rest of mesenchyme (mouse)"": mapped to UBERON:0003327 ""mesenchyme of forearm""."
 UBERON:0003322 	EMAPA:18432				"EMAPA:18432 ""shoulder rest of mesenchyme (mouse)"": mapped to UBERON:0003322 ""mesenchyme of shoulder""."
UBERON:0005258	EMAPA:18433				"EMAPA:18433 ""upper arm rest of mesenchyme (mouse)"": mapped to UBERON:0005258 ""upper arm mesenchyme"""
UBERON:0003320	EMAPA:18434				"EMAPA:18434 ""hip rest of mesenchyme (mouse)"": mapped to UBERON:0003320 ""mesenchyme of hip"""
UBERON:0003321	EMAPA:18435				"EMAPA:18435 ""knee rest of mesenchyme (mouse)"": mapped to UBERON:0003321 ""mesenchyme of knee"""
UBERON:0005259	EMAPA:18436				"EMAPA:18436 ""lower leg rest of mesenchyme (mouse)"": mapped to UBERON:0005259 ""lower leg mesenchyme"""
UBERON:0005254	EMAPA:18437				"EMAPA:18437 ""upper leg rest of mesenchyme (mouse)"": mapped to UBERON:0005254 ""upper leg mesenchyme"""
UBERON:0001519	EMAPA:18487				"EMAPA:18487 ""hand dermis (mouse)"": mapped to the more general UBERON:0001519 ""skin of manus"""
UBERON:0001519	EMAPA:18488				"EMAPA:18488 ""hand epidermis (mouse)"": mapped to the more general UBERON:0001519 ""skin of manus"""
UBERON:0001513	EMAPA:18505				"EMAPA:18505 ""foot dermis (mouse)"": mapped to UBERON:0001513 ""skin of pes"""
UBERON:0001513	EMAPA:18506				"EMAPA:18506 ""foot epidermis (mouse)"": mapped to UBERON:0001513 ""skin of pes"""
UBERON:0001905	EMAPA:18544				"EMAPA:18544 ""pineal primordium (mouse)"": mapped to UBERON:0001905 ""pineal body"" which I think is a later developmental stage than the EMAPA term. However, is the colosest term that I found"
UBERON:0002692	EMAPA:18553				"EMAPA:18553 ""medullary raphe (mouse)"": mapped to UBERON:0002692 ""medullary raphe nuclear complex"" which seems to designate the same structure than the EMAPA term"
UBERON:0002037	EMAPA:18555				"EMAPA:18555 ""cerebellum intraventricular portion (mouse)"": mapped to UBERON:0002037 ""cerebellum"" because I couldn't find anything more specific. "
UBERON:0002037	EMAPA:18556				"EMAPA:18556 ""cerebellum intraventricular portion mantle layer (mouse)"": mapped to UBERON:0002037 ""cerebellum"" because I couldn't find anything more specific. "
UBERON:0002037	EMAPA:18557				"EMAPA:18557 ""cerebellum intraventricular portion marginal layer (mouse)"": mapped to UBERON:0002037 ""cerebellum"" because I couldn't find anything more specific."
UBERON:0015828	EMAPA:18558				"EMAPA:18558 ""cerebellum intraventricular portion ventricular layer (mouse)"": mapped to the slightly more general UBERON:0015828 ""cerebellum ventricular layer"""
 UBERON:0002037	EMAPA:18559				"EMAPA:18559 ""rest of cerebellum (mouse)"":  mapped to UBERON:0002037 ""cerebellum"" because I couldn't find anything more specific."
UBERON:0002037 	EMAPA:18560				"EMAPA:18560 ""rest of cerebellum mantle layer (mouse)"": mapped to UBERON:0002037 ""cerebellum"" because I couldn't find anything more specific."
UBERON:0002037 	EMAPA:18561				"EMAPA:18561 ""rest of cerebellum marginal layer (mouse)"": mapped to UBERON:0002037 ""cerebellum"" because I couldn't find anything more specific."
UBERON:0015828	EMAPA:18562				"EMAPA:18562 ""rest of cerebellum ventricular layer (mouse)"": mapped to the slightly more general UBERON:0015828 ""cerebellum ventricular layer"""
UBERON:0001895	EMAPA:18563				"EMAPA:18563 ""metencephalon rest of alar plate (mouse)"": mapped to the more general UBERON:0001895 ""metencephalon"" because I couldn't find anygthing more specific"
UBERON:0001895	EMAPA:18564				"EMAPA:18564 ""metencephalon rest of alar plate mantle layer (mouse)"":  mapped to the more general UBERON:0001895 ""metencephalon"" because I couldn't find anygthing more specific"
UBERON:0001895	EMAPA:18565				"EMAPA:18565 ""metencephalon rest of alar plate marginal layer (mouse)"": mapped to the more general UBERON:0001895 ""metencephalon"" because I couldn't find anygthing more specific"
UBERON:0001895	EMAPA:18566				"EMAPA:18566 ""metencephalon rest of alar plate ventricular layer (mouse)"": mapped to the more general UBERON:0001895 ""metencephalon"" because I couldn't find anygthing more specific"
UBERON:0009583	EMAPA:18576				"EMAPA:18576 ""intermediate grey horn (mouse)"":  mapped to UBERON:0009583 ""spinal cord mantle layer"" because the EMAPA term has a part_of relationship with this term in the old onthology. In uberon there are term for the dorsal and ventral gray horn, but not the intermediate one."
UBERON:0001781	EMAPA:18592				"EMAPA:18592 ""retina nuclear layer (mouse)"":  mapped to the more general UBERON:0001781 ""layer of retin""a because uberon has a term for the outer and inner nuclear layer of retina but not for the nuclear layer as a whole. "
UBERON:2001427 	EMAPA:18594				"EMAPA:18594 ""anterior naris (mouse)"": mapped to UBERON:2001427  ""anterior naris"""
UBERON:0004692	EMAPA:18595				"EMAPA:18595 ""anterior naris epithelium (mouse)"": mapped to UBERON:0004692 ""external naris epithelium"" because external naris is synonym of anterior naris in UBERON"
 UBERON:0001042	EMAPA:18649				"EMAPA:18649 ""pharynx skeleton (mouse)"":  mapped to UBERON:0001042 ""chordate pharynx"" because I couldn^t find anything more specific"
UBERON:0002114	EMAPA:18661				"EMAPA:18661 ""foregut-midgut junction duodenum (mouse)"". Mapped to UBERON:0002114 ""duodenum"". But could as well be mapped to UBERON:0006235 ""foregut-midgut junction"""
UBERON:0002115	EMAPA:18669				"EMAPA:18669 ""jejunum vascular element (mouse)"": mapped to UBERON:0002115 ""Jejunum"""
UBERON:0001333	EMAPA:18693				"EMAPA:18693 ""urethral fold of male (mouse)"": mapped to UBERON:0001333 ""male urethra"""
UBERON:0001871	EMAPA:18799				"EMAPA:18799 ""temporal lobe ventricular layer (mouse)"":  mapped to UBERON:0001871 ""temporal lobe"""
