"#chipId"	"experimentId"	"chipTypeId"	"normalizationTypeId"	"detectionTypeId"	"anatEntityId"	"organName"	"uberonId"	"uberonName"	"stageId"	"stageName"	"infoOrgan"	"infoStage"	"sampleTitle"	"sampleSource"	"sampleDescription"	"sampleCharacteristics"	"organAnnotationStatus"	"organBiologicalStatus"	"stageAnnotationStatus"	"stageBiologicalStatus"	"sex"	"strain"	"speciesId"	"comment"	"annotatorId"	"lastModificationDate"	"downloadableName"	
"GSM589355.CEL"	"GSE23528"	"A-AFFY-60"	2	2			"UBERON:0000465"	"material anatomical entity"	"WBls:0000041"	"adult"	"whole worm"	"adult "					"other"	"full sampling "	"perfect match"	"not documented"	"U"	"Bristol N2"	6239		"AME"	"22.05.2015"	"GSM589355_C.elegans_C18_4.CEL"	
"GSM589360.CEL"	"GSE23528"	"A-AFFY-60"	2	2			"UBERON:0000465"	"material anatomical entity"	"WBls:0000041"	"adult"	"whole worm"	"adult "					"other"	"full sampling "	"perfect match"	"not documented"	"U"	"Bristol N2"	6239		"AME"	"22.05.2015"	"GSM589360_C.elegans_C18_6.CEL"	
"GSM589356.CEL"	"GSE23528"	"A-AFFY-60"	2	2			"UBERON:0000465"	"material anatomical entity"	"WBls:0000041"	"adult"	"whole worm"	"adult "					"other"	"full sampling "	"perfect match"	"not documented"	"U"	"Bristol N2"	6239		"AME"	"22.05.2015"	"GSM589356_C.elegans_C22_4.CEL"	
"GSM589361.CEL"	"GSE23528"	"A-AFFY-60"	2	2			"UBERON:0000465"	"material anatomical entity"	"WBls:0000041"	"adult"	"whole worm"	"adult "					"other"	"full sampling "	"perfect match"	"not documented"	"U"	"Bristol N2"	6239		"AME"	"22.05.2015"	"GSM589361_C.elegans_C22_6.CEL"	
"GSM589352.CEL"	"GSE23528"	"A-AFFY-60"	2	2			"UBERON:0000465"	"material anatomical entity"	"WBls:0000041"	"adult"	"whole worm"	"adult "					"other"	"full sampling "	"perfect match"	"not documented"	"U"	"Bristol N2"	6239		"AME"	"22.05.2015"	"GSM589352_C.elegans_C6_4.CEL"	
"GSM499032.CEL"	"GSE19972"	"A-AFFY-60"	2	2			"UBERON:0000465"	"material anatomical entity"	"WBls:0000024"	"L1 larva"	"whole body"	"L1 larva"					"other"	"full sampling "	"perfect match"	"not documented"	"U"	"Bristol N2"	6239	"3 biological replicates"	"ANN"	"29.02.2016"	"GSM499032_N2_1.CEL"	1
"GSM499033.CEL"	"GSE19972"	"A-AFFY-60"	2	2			"UBERON:0000465"	"material anatomical entity"	"WBls:0000024"	"L1 larva"	"whole body"	"L1 larva"					"other"	"full sampling "	"perfect match"	"not documented"	"U"	"Bristol N2"	6239	"3 biological replicates"	"ANN"	"29.02.2016"	"GSM499033_N2_2.CEL"	2
"GSM499034.CEL"	"GSE19972"	"A-AFFY-60"	2	2			"UBERON:0000465"	"material anatomical entity"	"WBls:0000024"	"L1 larva"	"whole body"	"L1 larva"					"other"	"full sampling "	"perfect match"	"not documented"	"U"	"Bristol N2"	6239	"3 biological replicates"	"AME"	"22.05.2015"	"GSM499034_N2_3.CEL"	3
"GSM634543.CEL"	"GSE25834"	"A-AFFY-60"	2	2			"UBERON:0000465"	"material anatomical entity"	"WBls:0000024"	"L1 larva"	"NA "	"L1 larva"					"other"	"full sampling "	"perfect match"	"not documented"	"U"	"Bristol N2"	6239	"no explicit mention on the material"	"AME"	"22.05.2015"	"GSM634543.CEL"	
"GSM634544.CEL"	"GSE25834"	"A-AFFY-60"	2	2			"UBERON:0000465"	"material anatomical entity"	"WBls:0000024"	"L1 larva"	"NA "	"L1 larva"					"other"	"full sampling "	"perfect match"	"not documented"	"U"	"Bristol N2"	6239	"no explicit mention on the material"	"AME"	"22.05.2015"	"GSM634544.CEL"	
"GSM634545.CEL"	"GSE25834"	"A-AFFY-60"	2	2			"UBERON:0000465"	"material anatomical entity"	"WBls:0000024"	"L1 larva"	"NA "	"L1 larva"					"other"	"full sampling "	"perfect match"	"not documented"	"U"	"Bristol N2"	6239	"no explicit mention on the material"	"AME"	"22.05.2015"	"GSM634545.CEL"	
"GSM635241.CEL"	"GSE25834"	"A-AFFY-60"	2	2			"UBERON:0000465"	"material anatomical entity"	"WBls:0000003"	"embryo"	"NA "	"mixed embryo"					"other"	"full sampling "	"other"	"not documented"	"U"	"Bristol N2"	6239	"no explicit mention on the material"	"AME"	"22.05.2015"	"GSM635241.CEL"	
"GSM635242.CEL"	"GSE25834"	"A-AFFY-60"	2	2			"UBERON:0000465"	"material anatomical entity"	"WBls:0000003"	"embryo"	"NA "	"mixed embryo"					"other"	"full sampling "	"other"	"not documented"	"U"	"Bristol N2"	6239	"no explicit mention on the material"	"AME"	"22.05.2015"	"GSM635242.CEL"	
"GSM635243.CEL"	"GSE25834"	"A-AFFY-60"	2	2			"UBERON:0000465"	"material anatomical entity"	"WBls:0000003"	"embryo"	"NA "	"mixed embryo"					"other"	"full sampling "	"other"	"not documented"	"U"	"Bristol N2"	6239	"no explicit mention on the material"	"AME"	"22.05.2015"	"GSM635243.CEL"	
"GSM688037.CEL"	"GSE27867"	"A-AFFY-60"	2	2			"UBERON:0000465"	"material anatomical entity"	"WBls:0000038"	"L4 larva"	"whole animal"	"L4 animal"					"other"	"full sampling "	"perfect match"	"not documented"	"U"	"Bristol N2"	6239		"AME"	"22.05.2015"	"GSM688037_2246_4774_27844_wt-A_Celegans.CEL"	
"GSM688038.CEL"	"GSE27867"	"A-AFFY-60"	2	2			"UBERON:0000465"	"material anatomical entity"	"WBls:0000038"	"L4 larva"	"whole animal"	"L4 animal"					"other"	"full sampling "	"perfect match"	"not documented"	"U"	"Bristol N2"	6239		"AME"	"22.05.2015"	"GSM688038_2246_4774_27845_wt-B_Celegans.CEL"	
"GSM688039.CEL"	"GSE27867"	"A-AFFY-60"	2	2			"UBERON:0000465"	"material anatomical entity"	"WBls:0000038"	"L4 larva"	"whole animal"	"L4 animal"					"other"	"full sampling "	"perfect match"	"not documented"	"U"	"Bristol N2"	6239		"AME"	"22.05.2015"	"GSM688039_2246_4774_27846_wt-C_Celegans.CEL"	
"GSM542655.CEL"	"GSE21784"	"A-AFFY-60"	2	2			"UBERON:0000465"	"material anatomical entity"	"WBls:0000069"	"4-7 days post-L4 adult hermaphrodite"	"whole worm"	"day 6 adult"					"other"	"full sampling "	"missing child term"	"not documented"	"U"	"Bristol N2"	6239		"AME"	"22.05.2015"	"GSM542655_AA050_268N2d6_Celegans_.CEL"	
"GSM542656.CEL"	"GSE21784"	"A-AFFY-60"	2	2			"UBERON:0000465"	"material anatomical entity"	"WBls:0000069"	"4-7 days post-L4 adult hermaphrodite"	"whole worm"	"day 6 adult"					"other"	"full sampling "	"missing child term"	"not documented"	"U"	"Bristol N2"	6239		"AME"	"22.05.2015"	"GSM542656_AA053_272N2d6_Celegans_.CEL"	
"GSM542657.CEL"	"GSE21784"	"A-AFFY-60"	2	2			"UBERON:0000465"	"material anatomical entity"	"WBls:0000069"	"4-7 days post-L4 adult hermaphrodite"	"whole worm"	"day 6 adult"					"other"	"full sampling "	"missing child term"	"not documented"	"U"	"Bristol N2"	6239		"AME"	"22.05.2015"	"GSM542657_AA056_291N2d6_Celegans_.CEL"	
"GSM542658.CEL"	"GSE21784"	"A-AFFY-60"	2	2			"UBERON:0000465"	"material anatomical entity"	"WBls:0000074"	"11-15 days post-L4 adult hermaphrodite"	"whole worm"	"day 15 adult"					"other"	"full sampling "	"missing child term"	"not documented"	"U"	"Bristol N2"	6239		"AME"	"22.05.2015"	"GSM542658_AA051_268N2d15_Celegans_.CEL"	
"GSM542659.CEL"	"GSE21784"	"A-AFFY-60"	2	2			"UBERON:0000465"	"material anatomical entity"	"WBls:0000074"	"11-15 days post-L4 adult hermaphrodite"	"whole worm"	"day 15 adult"					"other"	"full sampling "	"missing child term"	"not documented"	"U"	"Bristol N2"	6239		"AME"	"22.05.2015"	"GSM542659_AA054_272N2d15_Celegans_.CEL"	
"GSM542660.CEL"	"GSE21784"	"A-AFFY-60"	2	2			"UBERON:0000465"	"material anatomical entity"	"WBls:0000074"	"11-15 days post-L4 adult hermaphrodite"	"whole worm"	"day 15 adult"					"other"	"full sampling "	"missing child term"	"not documented"	"U"	"Bristol N2"	6239		"AME"	"22.05.2015"	"GSM542660_AA057_291N2d15_Celegans_.CEL"	
"GSM542652.CEL"	"GSE21784"	"A-AFFY-60"	2	2			"UBERON:0000465"	"material anatomical entity"	"WBls:0000038"	"L4 larva"	"whole larva"	"L4 larva"					"other"	"full sampling "	"perfect match"	"not documented"	"U"	"Bristol N2"	6239		"AME"	"22.05.2015"	"GSM542652_AA049_268N2L4_Celegans_.CEL"	
"GSM542653.CEL"	"GSE21784"	"A-AFFY-60"	2	2			"UBERON:0000465"	"material anatomical entity"	"WBls:0000038"	"L4 larva"	"whole larva"	"L4 larva"					"other"	"full sampling "	"perfect match"	"not documented"	"U"	"Bristol N2"	6239		"AME"	"22.05.2015"	"GSM542653_AA052_272N2L4_Celegans_.CEL"	
"GSM542654.CEL"	"GSE21784"	"A-AFFY-60"	2	2			"UBERON:0000465"	"material anatomical entity"	"WBls:0000038"	"L4 larva"	"whole larva"	"L4 larva"					"other"	"full sampling "	"perfect match"	"not documented"	"U"	"Bristol N2"	6239		"AME"	"22.05.2015"	"GSM542654_AA055_291N2L4_Celegans_.CEL"	
"GSM842065.CEL"	"GSE34113"	"A-AFFY-60"	2	2			"UBERON:0000465"	"material anatomical entity"	"UBERON:0000104"	"life cycle"	"worm"	"mixed stages"					"other"	"full sampling "	"other"	"not documented"	"U"	"Bristol N2"	6239		"AME"	"22.05.2015"	"GSM842065.CEL"	
"GSM842066.CEL"	"GSE34113"	"A-AFFY-60"	2	2			"UBERON:0000465"	"material anatomical entity"	"UBERON:0000104"	"life cycle"	"worm"	"mixed stages"					"other"	"full sampling "	"other"	"not documented"	"U"	"Bristol N2"	6239		"AME"	"22.05.2015"	"GSM842066.CEL"	
"GSM842067.CEL"	"GSE34113"	"A-AFFY-60"	2	2			"UBERON:0000465"	"material anatomical entity"	"UBERON:0000104"	"life cycle"	"worm"	"mixed stages"					"other"	"full sampling "	"other"	"not documented"	"U"	"Bristol N2"	6239		"AME"	"22.05.2015"	"GSM842067.CEL"	
"GSM805419.CEL"	"GSE32521"	"A-AFFY-60"	2	2			"UBERON:0000465"	"material anatomical entity"	"WBls:0000035"	"L3 larva"	"whole worm"	"L3 larva"					"other"	"full sampling "	"perfect match"	"not documented"	"U"	"Bristol N2"	6239		"AME"	"22.05.2015"	"GSM805419_C1_030210_Celegans_.CEL"	
"GSM805420.CEL"	"GSE32521"	"A-AFFY-60"	2	2			"UBERON:0000465"	"material anatomical entity"	"WBls:0000035"	"L3 larva"	"whole worm"	"L3 larva"					"other"	"full sampling "	"perfect match"	"not documented"	"U"	"Bristol N2"	6239		"AME"	"22.05.2015"	"GSM805420_C2_030210_Celegans_.CEL"	
"GSM805421.CEL"	"GSE32521"	"A-AFFY-60"	2	2			"UBERON:0000465"	"material anatomical entity"	"WBls:0000035"	"L3 larva"	"whole worm"	"L3 larva"					"other"	"full sampling "	"perfect match"	"not documented"	"U"	"Bristol N2"	6239		"AME"	"22.05.2015"	"GSM805421_C3_030210_Celegans_.CEL"	
"GSM840606.CEL"	"GSE34026"	"A-AFFY-60"	2	2			"UBERON:0000465"	"material anatomical entity"	"WBls:0000035"	"L3 larva"	"NA "	"L3 larva"					"other"	"full sampling "	"perfect match"	"not documented"	"U"	"Bristol N2"	6239	"no explicit mention on the material"	"AME"	"22.05.2015"	"GSM840606_OP50_N2_R1.CEL"	
"GSM840607.CEL"	"GSE34026"	"A-AFFY-60"	2	2			"UBERON:0000465"	"material anatomical entity"	"WBls:0000035"	"L3 larva"	"NA "	"L3 larva"					"other"	"full sampling "	"perfect match"	"not documented"	"U"	"Bristol N2"	6239	"no explicit mention on the material"	"AME"	"22.05.2015"	"GSM840607_OP50_N2_R2.CEL"	
"GSM840608.CEL"	"GSE34026"	"A-AFFY-60"	2	2			"UBERON:0000465"	"material anatomical entity"	"WBls:0000035"	"L3 larva"	"NA "	"L3 larva"					"other"	"full sampling "	"perfect match"	"not documented"	"U"	"Bristol N2"	6239	"no explicit mention on the material"	"AME"	"22.05.2015"	"GSM840608_OP50_N2_R3.CEL"	
"GSM919250.CEL"	"GSE37433"	"A-AFFY-60"	2	2			"UBERON:0000465"	"material anatomical entity"	"WBls:0000064"	"1-day post-L4 adult hermaphrodite"	"whole worm"	"young adult"					"other"	"full sampling "	"other"	"not documented"	"U"	"Bristol N2"	6239		"AME"	"22.05.2015"	"GSM919250_EM3742_Celegans_030407.CEL"	
"GSM919251.CEL"	"GSE37433"	"A-AFFY-60"	2	2			"UBERON:0000465"	"material anatomical entity"	"WBls:0000064"	"1-day post-L4 adult hermaphrodite"	"whole worm"	"young adult"					"other"	"full sampling "	"other"	"not documented"	"U"	"Bristol N2"	6239		"AME"	"22.05.2015"	"GSM919251_EM3745_Celegans_030407.CEL"	
"GSM919252.CEL"	"GSE37433"	"A-AFFY-60"	2	2			"UBERON:0000465"	"material anatomical entity"	"WBls:0000064"	"1-day post-L4 adult hermaphrodite"	"whole worm"	"young adult"					"other"	"full sampling "	"other"	"not documented"	"U"	"Bristol N2"	6239		"AME"	"22.05.2015"	"GSM919252_EM3748_Celegans_030407.CEL"	
"GSM958827.CEL"	"GSE39252"	"A-AFFY-60"	2	2			"UBERON:0000465"	"material anatomical entity"	"UBERON:0000104"	"life cycle"	"NA "	"mixed stages"					"other"	"full sampling "	"other"	"not documented"	"U"	"Bristol N2"	6239	"no explicit mention on the material"	"AME"	"22.05.2015"	"GSM958827_N2_rep1.CEL"	
"GSM958828.CEL"	"GSE39252"	"A-AFFY-60"	2	2			"UBERON:0000465"	"material anatomical entity"	"UBERON:0000104"	"life cycle"	"NA "	"mixed stages"					"other"	"full sampling "	"other"	"not documented"	"U"	"Bristol N2"	6239	"no explicit mention on the material"	"AME"	"22.05.2015"	"GSM958828_N2_rep2.CEL"	
"GSM958829.CEL"	"GSE39252"	"A-AFFY-60"	2	2			"UBERON:0000465"	"material anatomical entity"	"UBERON:0000104"	"life cycle"	"NA "	"mixed stages"					"other"	"full sampling "	"other"	"not documented"	"U"	"Bristol N2"	6239	"no explicit mention on the material"	"AME"	"22.05.2015"	"GSM958829_N2_rep3.CEL"	
"GSM958830.CEL"	"GSE39252"	"A-AFFY-60"	2	2			"UBERON:0000465"	"material anatomical entity"	"UBERON:0000104"	"life cycle"	"NA "	"mixed stages"					"other"	"full sampling "	"other"	"not documented"	"U"	"Bristol N2"	6239	"no explicit mention on the material"	"AME"	"22.05.2015"	"GSM958830_N2_rep4.CEL"	
"GSM958831.CEL"	"GSE39252"	"A-AFFY-60"	2	2			"UBERON:0000465"	"material anatomical entity"	"UBERON:0000104"	"life cycle"	"NA "	"mixed stages"					"other"	"full sampling "	"other"	"not documented"	"U"	"Bristol N2"	6239	"no explicit mention on the material"	"AME"	"22.05.2015"	"GSM958831_N2_rep5.CEL"	
"GSM1074935.CEL"	"GSE43959"	"A-AFFY-60"	2	2			"UBERON:0000465"	"material anatomical entity"	"WBls:0000065"	"2-days post-L4 adult hermaphrodite"	"NA "	"adult "					"other"	"full sampling "	"other"	"not documented"	"H"	"Bristol N2"	6239	"gravid adult - no explicit mention on the material"	"AME"	"22.05.2015"	"GSM1074935_OP50GA-1.CEL"	
"GSM1074936.CEL"	"GSE43959"	"A-AFFY-60"	2	2			"UBERON:0000465"	"material anatomical entity"	"WBls:0000065"	"2-days post-L4 adult hermaphrodite"	"NA "	"adult "					"other"	"full sampling "	"other"	"not documented"	"H"	"Bristol N2"	6239	"gravid adult - no explicit mention on the material"	"AME"	"22.05.2015"	"GSM1074936_OP50GA-2.CEL"	
"GSM1074937.CEL"	"GSE43959"	"A-AFFY-60"	2	2			"UBERON:0000465"	"material anatomical entity"	"WBls:0000065"	"2-days post-L4 adult hermaphrodite"	"NA "	"adult "					"other"	"full sampling "	"other"	"not documented"	"H"	"Bristol N2"	6239	"gravid adult - no explicit mention on the material"	"AME"	"22.05.2015"	"GSM1074937_OP50GA-3.CEL"	
"GSM1074938.CEL"	"GSE43959"	"A-AFFY-60"	2	2			"UBERON:0000465"	"material anatomical entity"	"WBls:0000064"	"1-day post-L4 adult hermaphrodite"	"whole worm"	"young adult"					"other"	"full sampling "	"other"	"not documented"	"U"	"Bristol N2"	6239		"AME"	"22.05.2015"	"GSM1074938_OP50-1.CEL"	
"GSM1074939.CEL"	"GSE43959"	"A-AFFY-60"	2	2			"UBERON:0000465"	"material anatomical entity"	"WBls:0000064"	"1-day post-L4 adult hermaphrodite"	"whole worm"	"young adult"					"other"	"full sampling "	"other"	"not documented"	"U"	"Bristol N2"	6239		"AME"	"22.05.2015"	"GSM1074939_OP50-2.CEL"	
"GSM1074940.CEL"	"GSE43959"	"A-AFFY-60"	2	2			"UBERON:0000465"	"material anatomical entity"	"WBls:0000064"	"1-day post-L4 adult hermaphrodite"	"whole worm"	"young adult"					"other"	"full sampling "	"other"	"not documented"	"U"	"Bristol N2"	6239		"AME"	"22.05.2015"	"GSM1074940_OP50-3.CEL"	
"GSM1008087.CEL"	"GSE41056"	"A-AFFY-60"	2	2			"UBERON:0000465"	"material anatomical entity"	"UBERON:0000104"	"life cycle"	"NA "	"mixed stages"					"other"	"full sampling "	"other"	"not documented"	"U"	"Bristol N2"	6239		"AME"	"22.05.2015"	"GSM1008087_N2-1_Celegans_.CEL"	
"GSM1008088.CEL"	"GSE41056"	"A-AFFY-60"	2	2			"UBERON:0000465"	"material anatomical entity"	"UBERON:0000104"	"life cycle"	"NA "	"mixed stages"					"other"	"full sampling "	"other"	"not documented"	"U"	"Bristol N2"	6239		"AME"	"22.05.2015"	"GSM1008088_N2-2_Celegans_.CEL"	
"GSM1008089.CEL"	"GSE41056"	"A-AFFY-60"	2	2			"UBERON:0000465"	"material anatomical entity"	"UBERON:0000104"	"life cycle"	"NA "	"mixed stages"					"other"	"full sampling "	"other"	"not documented"	"U"	"Bristol N2"	6239		"AME"	"22.05.2015"	"GSM1008089_N2-3_Celegans_.CEL"	
"GSM1008090.CEL"	"GSE41056"	"A-AFFY-60"	2	2			"UBERON:0000465"	"material anatomical entity"	"UBERON:0000104"	"life cycle"	"NA "	"mixed stages"					"other"	"full sampling "	"other"	"not documented"	"U"	"Bristol N2"	6239		"AME"	"22.05.2015"	"GSM1008090_N2-4_Celegans_.CEL"	
"GSM953772.CEL"	"GSE39012"	"A-AFFY-60"	2	2			"UBERON:0000465"	"material anatomical entity"	"WBls:0000035"	"L3 larva"	"whole worm"	"L3 larva"					"other"	"full sampling "	"perfect match"	"not documented"	"U"	"Bristol N2"	6239		"AME"	"22.05.2015"	"GSM953772_AS_Control_R1.CEL"	
"GSM953773.CEL"	"GSE39012"	"A-AFFY-60"	2	2			"UBERON:0000465"	"material anatomical entity"	"WBls:0000035"	"L3 larva"	"whole worm"	"L3 larva"					"other"	"full sampling "	"perfect match"	"not documented"	"U"	"Bristol N2"	6239		"AME"	"22.05.2015"	"GSM953773_AS_Control_R2.CEL"	
"GSM953774.CEL"	"GSE39012"	"A-AFFY-60"	2	2			"UBERON:0000465"	"material anatomical entity"	"WBls:0000035"	"L3 larva"	"whole worm"	"L3 larva"					"other"	"full sampling "	"perfect match"	"not documented"	"U"	"Bristol N2"	6239		"AME"	"22.05.2015"	"GSM953774_AS_Control_R3.CEL"	
"GSM1083003.CEL"	"GSE44318"	"A-AFFY-60"	2	2			"UBERON:0000465"	"material anatomical entity"	"WBls:0000064"	"1-day post-L4 adult hermaphrodite"	"worm"	"young adult "					"other"	"full sampling"	"perfect match"	"not documented"	"H"	"N2"	6239		"AME"	"19.06.2015"	"GSM1083003_SL1.CEL"	
"GSM1083004.CEL"	"GSE44318"	"A-AFFY-60"	2	2			"UBERON:0000465"	"material anatomical entity"	"WBls:0000064"	"1-day post-L4 adult hermaphrodite"	"worm"	"young adult "					"other"	"full sampling"	"perfect match"	"not documented"	"H"	"N2"	6239		"AME"	"19.06.2015"	"GSM1083004_SL5.CEL"	
"GSM1083005.CEL"	"GSE44318"	"A-AFFY-60"	2	2			"UBERON:0000465"	"material anatomical entity"	"WBls:0000064"	"1-day post-L4 adult hermaphrodite"	"worm"	"young adult "					"other"	"full sampling"	"perfect match"	"not documented"	"H"	"N2"	6239		"AME"	"19.06.2015"	"GSM1083005_SL9.CEL"	
"GSM1083006.CEL"	"GSE44318"	"A-AFFY-60"	2	2			"UBERON:0000465"	"material anatomical entity"	"WBls:0000064"	"1-day post-L4 adult hermaphrodite"	"worm"	"young adult "					"other"	"full sampling"	"perfect match"	"not documented"	"H"	"N2"	6239		"AME"	"19.06.2015"	"GSM1083006_SL69.CEL"	
"GSM1128166.CEL"	"GSE46288"	"A-AFFY-60"	2	2			"UBERON:0000465"	"material anatomical entity"	"WBls:0000035"	"L3 larva"	"animal pool"	"third larval stage"					"other"	"full sampling"	"perfect match"	"not documented"	"H"	"N2"	6239		"AME"	"19.06.2015"	"GSM1128166_13350_820_C.elegans.CEL"	
"GSM1128167.CEL"	"GSE46288"	"A-AFFY-60"	2	2			"UBERON:0000465"	"material anatomical entity"	"WBls:0000035"	"L3 larva"	"animal pool"	"third larval stage"					"other"	"full sampling"	"perfect match"	"not documented"	"H"	"N2"	6239		"AME"	"19.06.2015"	"GSM1128167_13351_821_C.elegans.CEL"	
"GSM1128168.CEL"	"GSE46288"	"A-AFFY-60"	2	2			"UBERON:0000465"	"material anatomical entity"	"WBls:0000035"	"L3 larva"	"animal pool"	"third larval stage"					"other"	"full sampling"	"perfect match"	"not documented"	"H"	"N2"	6239		"AME"	"19.06.2015"	"GSM1128168_13353_823_C.elegans.CEL"	
"GSM1128169.CEL"	"GSE46288"	"A-AFFY-60"	2	2			"UBERON:0000465"	"material anatomical entity"	"WBls:0000036"	"L3-L4 lethargus"	"animal pool"	"third larval stage lethargus"					"other"	"full sampling"	"perfect match"	"not documented"	"H"	"N2"	6239		"AME"	"19.06.2015"	"GSM1128169_13355_825_C.elegans_3.CEL"	
"GSM1128170.CEL"	"GSE46288"	"A-AFFY-60"	2	2			"UBERON:0000465"	"material anatomical entity"	"WBls:0000036"	"L3-L4 lethargus"	"animal pool"	"third larval stage lethargus"					"other"	"full sampling"	"perfect match"	"not documented"	"H"	"N2"	6239		"AME"	"19.06.2015"	"GSM1128170_13356_826_C.elegans.CEL"	
"GSM1128171.CEL"	"GSE46288"	"A-AFFY-60"	2	2			"UBERON:0000465"	"material anatomical entity"	"WBls:0000036"	"L3-L4 lethargus"	"animal pool"	"third larval stage lethargus"					"other"	"full sampling"	"perfect match"	"not documented"	"H"	"N2"	6239		"AME"	"19.06.2015"	"GSM1128171_13357_827_C.elegans.CEL"	
"GSM1128172.CEL"	"GSE46289"	"A-AFFY-60"	2	2			"UBERON:0000465"	"material anatomical entity"	"WBls:0000038"	"L4 larva"	"animal pool"	"fourth larval stage"					"other"	"full sampling"	"perfect match"	"not documented"	"H"	"N2"	6239		"AME"	"19.06.2015"	"GSM1128172_3149_12651_795r_C.elegans.CEL"	
"GSM1128173.CEL"	"GSE46289"	"A-AFFY-60"	2	2			"UBERON:0000465"	"material anatomical entity"	"WBls:0000038"	"L4 larva"	"animal pool"	"fourth larval stage"					"other"	"full sampling"	"perfect match"	"not documented"	"H"	"N2"	6239		"AME"	"19.06.2015"	"GSM1128173_3149_12652_796r_C.elegans.CEL"	
"GSM1128174.CEL"	"GSE46289"	"A-AFFY-60"	2	2			"UBERON:0000465"	"material anatomical entity"	"WBls:0000038"	"L4 larva"	"animal pool"	"fourth larval stage"					"other"	"full sampling"	"perfect match"	"not documented"	"H"	"N2"	6239		"AME"	"19.06.2015"	"GSM1128174_3149_12653_797r_C.elegans.CEL"	
"GSM1128175.CEL"	"GSE46289"	"A-AFFY-60"	2	2			"UBERON:0000465"	"material anatomical entity"	"WBls:0000038"	"L4 larva"	"animal pool"	"fourth larval stage"					"other"	"full sampling"	"perfect match"	"not documented"	"H"	"N2"	6239		"AME"	"19.06.2015"	"GSM1128175_3149_12654_798r_C.elegans.CEL"	
"GSM1128176.CEL"	"GSE46289"	"A-AFFY-60"	2	2			"UBERON:0000465"	"material anatomical entity"	"WBls:0000038"	"L4 larva"	"animal pool"	"fourth larval stage"					"other"	"full sampling"	"perfect match"	"not documented"	"H"	"N2"	6239		"AME"	"19.06.2015"	"GSM1128176_3149_12655_799r_C.elegans.CEL"	
"GSM1128177.CEL"	"GSE46289"	"A-AFFY-60"	2	2			"UBERON:0000465"	"material anatomical entity"	"WBls:0000039"	"L4-adult lethargus"	"animal pool"	"fourth larval stage lethargus"					"other"	"full sampling"	"perfect match"	"not documented"	"H"	"N2"	6239		"AME"	"19.06.2015"	"GSM1128177_3149_12656_800r_C.elegans.CEL"	
"GSM1128178.CEL"	"GSE46289"	"A-AFFY-60"	2	2			"UBERON:0000465"	"material anatomical entity"	"WBls:0000039"	"L4-adult lethargus"	"animal pool"	"fourth larval stage lethargus"					"other"	"full sampling"	"perfect match"	"not documented"	"H"	"N2"	6239		"AME"	"19.06.2015"	"GSM1128178_3149_12657_801r_C.elegans.CEL"	
"GSM1128179.CEL"	"GSE46289"	"A-AFFY-60"	2	2			"UBERON:0000465"	"material anatomical entity"	"WBls:0000039"	"L4-adult lethargus"	"animal pool"	"fourth larval stage lethargus"					"other"	"full sampling"	"perfect match"	"not documented"	"H"	"N2"	6239		"AME"	"19.06.2015"	"GSM1128179_3149_12658_802r_C.elegans.CEL"	
"GSM1128180.CEL"	"GSE46289"	"A-AFFY-60"	2	2			"UBERON:0000465"	"material anatomical entity"	"WBls:0000039"	"L4-adult lethargus"	"animal pool"	"fourth larval stage lethargus"					"other"	"full sampling"	"perfect match"	"not documented"	"H"	"N2"	6239		"AME"	"19.06.2015"	"GSM1128180_3149_12659_803r_C.elegans.CEL"	
"GSM1128181.CEL"	"GSE46289"	"A-AFFY-60"	2	2			"UBERON:0000465"	"material anatomical entity"	"WBls:0000039"	"L4-adult lethargus"	"animal pool"	"fourth larval stage lethargus"					"other"	"full sampling"	"perfect match"	"not documented"	"H"	"N2"	6239		"AME"	"19.06.2015"	"GSM1128181_3149_12660_804r_C.elegans.CEL"	
"GSM1128182.CEL"	"GSE46289"	"A-AFFY-60"	2	2			"UBERON:0000465"	"material anatomical entity"	"WBls:0000064"	"1-day post-L4 adult hermaphrodite"	"animal pool"	"young adult "					"other"	"full sampling"	"perfect match"	"not documented"	"H"	"N2"	6239		"AME"	"19.06.2015"	"GSM1128182_3149_12661_805r_C.elegans.CEL"	
"GSM1128183.CEL"	"GSE46289"	"A-AFFY-60"	2	2			"UBERON:0000465"	"material anatomical entity"	"WBls:0000064"	"1-day post-L4 adult hermaphrodite"	"animal pool"	"young adult "					"other"	"full sampling"	"perfect match"	"not documented"	"H"	"N2"	6239		"AME"	"19.06.2015"	"GSM1128183_3149_12662_806r_C.elegans.CEL"	
"GSM1128184.CEL"	"GSE46289"	"A-AFFY-60"	2	2			"UBERON:0000465"	"material anatomical entity"	"WBls:0000064"	"1-day post-L4 adult hermaphrodite"	"animal pool"	"young adult "					"other"	"full sampling"	"perfect match"	"not documented"	"H"	"N2"	6239		"AME"	"19.06.2015"	"GSM1128184_3149_12663_807r_C.elegans.CEL"	
"GSM1128185.CEL"	"GSE46289"	"A-AFFY-60"	2	2			"UBERON:0000465"	"material anatomical entity"	"WBls:0000064"	"1-day post-L4 adult hermaphrodite"	"animal pool"	"young adult "					"other"	"full sampling"	"perfect match"	"not documented"	"H"	"N2"	6239		"AME"	"19.06.2015"	"GSM1128185_3149_12664_808r_C.elegans.CEL"	
"GSM1128186.CEL"	"GSE46289"	"A-AFFY-60"	2	2			"UBERON:0000465"	"material anatomical entity"	"WBls:0000064"	"1-day post-L4 adult hermaphrodite"	"animal pool"	"young adult "					"other"	"full sampling"	"perfect match"	"not documented"	"H"	"N2"	6239		"AME"	"19.06.2015"	"GSM1128186_3149_12665_809r_C.elegans.CEL"	
"GSM1305989.CEL"	"GSE54024"	"A-AFFY-60"	2	2			"UBERON:0000465"	"material anatomical entity"	"WBls:0000064"	"1-day post-L4 adult hermaphrodite"	"whole worm"	"young adult "					"other"	"full sampling"	"perfect match"	"not documented"	"H"	"N2"	6239		"AME"	"19.06.2015"	"GSM1305989_wt-1.CEL"	
"GSM1305990.CEL"	"GSE54024"	"A-AFFY-60"	2	2			"UBERON:0000465"	"material anatomical entity"	"WBls:0000064"	"1-day post-L4 adult hermaphrodite"	"whole worm"	"young adult "					"other"	"full sampling"	"perfect match"	"not documented"	"H"	"N2"	6239		"AME"	"19.06.2015"	"GSM1305990_wt-2.CEL"	
"GSM1305991.CEL"	"GSE54024"	"A-AFFY-60"	2	2			"UBERON:0000465"	"material anatomical entity"	"WBls:0000064"	"1-day post-L4 adult hermaphrodite"	"whole worm"	"young adult "					"other"	"full sampling"	"perfect match"	"not documented"	"H"	"N2"	6239		"AME"	"19.06.2015"	"GSM1305991_wt-3.CEL"	
"GSM1305992.CEL"	"GSE54024"	"A-AFFY-60"	2	2			"UBERON:0000465"	"material anatomical entity"	"WBls:0000064"	"1-day post-L4 adult hermaphrodite"	"whole worm"	"young adult "					"other"	"full sampling"	"perfect match"	"not documented"	"H"	"N2"	6239		"AME"	"19.06.2015"	"GSM1305992_wt-4.CEL"	
"GSM567790.CEL"	"GSE23013"	"A-AFFY-60"	2	2			"UBERON:0000465"	"material anatomical entity"	"WBls:0000064"	"1-day post-L4 adult hermaphrodite"	"worm"	"young adult "					"other"	"full sampling"	"perfect match"	"not documented"	"H"	"N2"	6239		"AME"	"19.06.2015"	"GSM567790.CEL"	
"GSM627440.CEL"	"GSE25513"	"A-AFFY-60"	2	2			"UBERON:0000465"	"material anatomical entity"	"WBls:0000038"	"L4 larva"	"worm"	"L4"					"other"	"full sampling"	"perfect match"	"not documented"	"H"	"N2"	6239		"AME"	"19.06.2015"	"GSM627440.CEL"	
"GSM627441.CEL"	"GSE25513"	"A-AFFY-60"	2	2			"UBERON:0000465"	"material anatomical entity"	"WBls:0000038"	"L4 larva"	"worm"	"L4"					"other"	"full sampling"	"perfect match"	"not documented"	"H"	"N2"	6239		"AME"	"19.06.2015"	"GSM627441.CEL"	
"GSM627442.CEL"	"GSE25513"	"A-AFFY-60"	2	2			"UBERON:0000465"	"material anatomical entity"	"WBls:0000038"	"L4 larva"	"worm"	"L4"					"other"	"full sampling"	"perfect match"	"not documented"	"H"	"N2"	6239		"AME"	"19.06.2015"	"GSM627442.CEL"	
"GSM1258141.CEL"	"GSE52064"	"A-AFFY-60"	2	2			"WBbt:0005784"	"germ line"	"WBls:0000064"	"1-day post-L4 adult hermaphrodite"	"C.elegans germline"	"L4 stage"					"perfect match"	"full sampling"	"perfect match"	"not documented"	"H"	"N2"	6239		"AME"	"19.06.2015"	"GSM1258141_wildtype_1.CEL"	
"GSM1258142.CEL"	"GSE52064"	"A-AFFY-60"	2	2			"WBbt:0005784"	"germ line"	"WBls:0000064"	"1-day post-L4 adult hermaphrodite"	"C.elegans germline"	"L4 stage"					"perfect match"	"full sampling"	"perfect match"	"not documented"	"H"	"N2"	6239		"AME"	"19.06.2015"	"GSM1258142_wildtype_2.CEL"	
"GSM1258143.CEL"	"GSE52064"	"A-AFFY-60"	2	2			"WBbt:0005784"	"germ line"	"WBls:0000064"	"1-day post-L4 adult hermaphrodite"	"C.elegans germline"	"L4 stage"					"perfect match"	"full sampling"	"perfect match"	"not documented"	"H"	"N2"	6239		"AME"	"19.06.2015"	"GSM1258143_wildtype_3.CEL"	
"GSM986045.CEL"	"GSE40127"	"A-AFFY-60"	2	2			"UBERON:0000465"	"material anatomical entity"	"WBls:0000027"	"L2 larva "	"C.elegans"	"L2 larva "					"other"	"full sampling"	"perfect match"	"not documented"	"H"	"N2"	6239		"AME"	"19.06.2015"	"GSM986045_12-01-10_M.Krause1c_MK_Celegans_Control_1.CEL"	
"GSM986047.CEL"	"GSE40127"	"A-AFFY-60"	2	2			"UBERON:0000465"	"material anatomical entity"	"WBls:0000027"	"L2 larva "	"C.elegans"	"L2 larva "					"other"	"full sampling"	"perfect match"	"not documented"	"H"	"N2"	6239		"AME"	"19.06.2015"	"GSM986047_12-01-10_M.Krause2c_MK_Celegans_Control_2.CEL"	
"GSM986049.CEL"	"GSE40127"	"A-AFFY-60"	2	2			"UBERON:0000465"	"material anatomical entity"	"WBls:0000027"	"L2 larva "	"C.elegans"	"L2 larva "					"other"	"full sampling"	"perfect match"	"not documented"	"H"	"N2"	6239		"AME"	"19.06.2015"	"GSM986049_12-01-10_M.Krause4c_MK_Celegans_Control_4.CEL"	
"#GSM1175370"	"GSE48347"						"UBERON:0000465"		"WBls:0000003"																		"discarded: grown on empty vector (L4440) RNAi"	
"#GSM1175371"	"GSE48347"						"UBERON:0000465"		"WBls:0000003"																		"discarded: grown on empty vector (L4440) RNAi"	
"#GSM365580"	"GSE14640"						"UBERON:0000465"		"WBls:0000003"																		"discarded:  The wild-type control for the sdc-2 RNAi was N2 worms fed Ahringer library feeding bacteria bearing a plasmid lacking an insert."	
"#GSM365581"	"GSE14640"						"UBERON:0000465"		"WBls:0000003"																		"discarded:  The wild-type control for the sdc-2 RNAi was N2 worms fed Ahringer library feeding bacteria bearing a plasmid lacking an insert."	
"#GSM365582"	"GSE14640"						"UBERON:0000465"		"WBls:0000003"																		"discarded:  The wild-type control for the sdc-2 RNAi was N2 worms fed Ahringer library feeding bacteria bearing a plasmid lacking an insert."	
"#GSM365583"	"GSE14640"						"UBERON:0000465"		"WBls:0000003"																		"discarded:  The wild-type control for the sdc-2 RNAi was N2 worms fed Ahringer library feeding bacteria bearing a plasmid lacking an insert."	
"#GSM365584"	"GSE14640"						"UBERON:0000465"		"WBls:0000003"																		"discarded:  The wild-type control for the sdc-2 RNAi was N2 worms fed Ahringer library feeding bacteria bearing a plasmid lacking an insert."	
"#GSM365585"	"GSE14640"						"UBERON:0000465"		"WBls:0000003"																		"discarded:  The wild-type control for the sdc-2 RNAi was N2 worms fed Ahringer library feeding bacteria bearing a plasmid lacking an insert."	
"#GSM365589"	"GSE14640"						"UBERON:0000465"		"WBls:0000003"																		"discarded:  The wild-type control for the sdc-2 RNAi was N2 worms fed Ahringer library feeding bacteria bearing a plasmid lacking an insert."	
"#GSM365590"	"GSE14640"						"UBERON:0000465"		"WBls:0000003"																		"discarded:  The wild-type control for the sdc-2 RNAi was N2 worms fed Ahringer library feeding bacteria bearing a plasmid lacking an insert."	
"#GSM365591"	"GSE14640"						"UBERON:0000465"		"WBls:0000003"																		"discarded:  The wild-type control for the sdc-2 RNAi was N2 worms fed Ahringer library feeding bacteria bearing a plasmid lacking an insert."	
"#GSM365595"	"GSE14640"						"UBERON:0000465"		"WBls:0000003"																		"discarded:  The wild-type control for the sdc-2 RNAi was N2 worms fed Ahringer library feeding bacteria bearing a plasmid lacking an insert."	
"#GSM365596"	"GSE14640"						"UBERON:0000465"		"WBls:0000003"																		"discarded:  The wild-type control for the sdc-2 RNAi was N2 worms fed Ahringer library feeding bacteria bearing a plasmid lacking an insert."	
"#GSM365597"	"GSE14640"						"UBERON:0000465"		"WBls:0000003"																		"discarded:  The wild-type control for the sdc-2 RNAi was N2 worms fed Ahringer library feeding bacteria bearing a plasmid lacking an insert."	
"#GSM956921"	"GSE39145"						"UBERON:0000465"		"UBERON:0000104"																		"discarded: eats plasmid RNAi with bacteria"	
"#GSM956922"	"GSE39145"						"UBERON:0000465"		"UBERON:0000104"																		"discarded: eats plasmid RNAi with bacteria"	
"#GSM956923"	"GSE39145"						"UBERON:0000465"		"UBERON:0000104"																		"discarded: eats plasmid RNAi with bacteria"	
"#GSM956924"	"GSE39145"						"UBERON:0000465"		"UBERON:0000104"																		"discarded: eats plasmid RNAi with bacteria"	
"GSM1018113"	"GSE41486"	"A-AFFY-60"	1	1			"UBERON:0000465"	"material anatomical entity"	"WBls:0000038"	"L4 larva"	"whole organism"	"L4 stage"					"other"	"full sampling"	"perfect match"	"not documented"	"U"	"N2"	6239		"ANN"	"08.08.2016"	"See issue# 53, one sample in this experiment, so processed data downloaded by Julien, 08.08.2016"	
"GSM889558.CEL"	"GSE36358"	"A-AFFY-60"	2	2			"UBERON:0000465"	"material anatomical entity"	"UBERON:0000104"	"life cycle"	"C.elegans"	"mixed"					"other"	"full sampling"	"other"	"not documented"	"U"	"N2"	6239		"ANN"	"08.08.2016"	"see issue#53"	
"GSM889559.CEL"	"GSE36358"	"A-AFFY-60"	2	2			"UBERON:0000465"	"material anatomical entity"	"UBERON:0000104"	"life cycle"	"C.elegans"	"mixed"					"other"	"full sampling"	"other"	"not documented"	"U"	"N2"	6239		"ANN"	"08.08.2016"	"see issue#53"	
"GSM685476.CEL"	"GSE27677"	"A-AFFY-60"	2	2			"UBERON:0000465"	"material anatomical entity"	"WBls:0000041"	"adult"	"C.elegans"	"day 2 of adulthood"	"N2, Fed 0 h, rep 1"				"other"	"full sampling"	"missing child term"	"not documented"	"U"	"N2"	6239		"ANN"	"08.08.2016"	"see issue#53, biological replicates"	
"GSM685477.CEL"	"GSE27677"	"A-AFFY-60"	2	2			"UBERON:0000465"	"material anatomical entity"	"WBls:0000041"	"adult"	"C.elegans"	"day 2 of adulthood"	"N2, Fed 0 h, rep 2"				"other"	"full sampling"	"missing child term"	"not documented"	"U"	"N2"	6239		"ANN"	"08.08.2016"	"see issue#53, biological replicates"	
"GSM685478.CEL"	"GSE27677"	"A-AFFY-60"	2	2			"UBERON:0000465"	"material anatomical entity"	"WBls:0000041"	"adult"	"C.elegans"	"day 2 of adulthood + 24h"	"N2, Fed 24 h, rep 1"				"other"	"full sampling"	"missing child term"	"not documented"	"U"	"N2"	6239		"ANN"	"08.08.2016"	"see issue#53, biological replicates"	
"GSM685479.CEL"	"GSE27677"	"A-AFFY-60"	2	2			"UBERON:0000465"	"material anatomical entity"	"WBls:0000041"	"adult"	"C.elegans"	"day 2 of adulthood + 24h"	"N2, Fed 24 h, rep 2"				"other"	"full sampling"	"missing child term"	"not documented"	"U"	"N2"	6239		"ANN"	"08.08.2016"	"see issue#53, biological replicates"	
"GSM685480.CEL"	"GSE27677"	"A-AFFY-60"	2	2			"UBERON:0000465"	"material anatomical entity"	"WBls:0000041"	"adult"	"C.elegans"	"day 2 of adulthood + 48h"	"N2, Fed 48 h, rep 1"				"other"	"full sampling"	"missing child term"	"not documented"	"U"	"N2"	6239		"ANN"	"08.08.2016"	"see issue#53, biological replicates"	
"GSM685481.CEL"	"GSE27677"	"A-AFFY-60"	2	2			"UBERON:0000465"	"material anatomical entity"	"WBls:0000041"	"adult"	"C.elegans"	"day 2 of adulthood + 48h"	"N2, Fed 48 h, rep 2"				"other"	"full sampling"	"missing child term"	"not documented"	"U"	"N2"	6239		"ANN"	"08.08.2016"	"see issue#53, biological replicates"	
"GSM685482.CEL"	"GSE27677"	"A-AFFY-60"	2	2			"UBERON:0000465"	"material anatomical entity"	"WBls:0000041"	"adult"	"C.elegans"	"day 2 of adulthood + 3h"	"N2, Fast 3 h, rep 1"				"other"	"full sampling"	"missing child term"	"not documented"	"U"	"N2"	6239		"ANN"	"08.08.2016"	"see issue#53, biological replicates"	
"GSM685483.CEL"	"GSE27677"	"A-AFFY-60"	2	2			"UBERON:0000465"	"material anatomical entity"	"WBls:0000041"	"adult"	"C.elegans"	"day 2 of adulthood + 3h"	"N2, Fast 3 h, rep 2"				"other"	"full sampling"	"missing child term"	"not documented"	"U"	"N2"	6239		"ANN"	"08.08.2016"	"see issue#53, biological replicates"	
"GSM685484.CEL"	"GSE27677"	"A-AFFY-60"	2	2			"UBERON:0000465"	"material anatomical entity"	"WBls:0000041"	"adult"	"C.elegans"	"day 2 of adulthood + 6h"	"N2, Fast 6 h, rep 1"				"other"	"full sampling"	"missing child term"	"not documented"	"U"	"N2"	6239		"ANN"	"08.08.2016"	"see issue#53, biological replicates"	
"GSM685485.CEL"	"GSE27677"	"A-AFFY-60"	2	2			"UBERON:0000465"	"material anatomical entity"	"WBls:0000041"	"adult"	"C.elegans"	"day 2 of adulthood + 6h"	"N2, Fast 6 h, rep 2"				"other"	"full sampling"	"missing child term"	"not documented"	"U"	"N2"	6239		"ANN"	"08.08.2016"	"see issue#53, biological replicates"	
"GSM685486.CEL"	"GSE27677"	"A-AFFY-60"	2	2			"UBERON:0000465"	"material anatomical entity"	"WBls:0000041"	"adult"	"C.elegans"	"day 2 of adulthood + 9h"	"N2, Fast 9 h, rep 1"				"other"	"full sampling"	"missing child term"	"not documented"	"U"	"N2"	6239		"ANN"	"08.08.2016"	"see issue#53, biological replicates"	
"GSM685487.CEL"	"GSE27677"	"A-AFFY-60"	2	2			"UBERON:0000465"	"material anatomical entity"	"WBls:0000041"	"adult"	"C.elegans"	"day 2 of adulthood + 9h"	"N2, Fast 9 h, rep 2"				"other"	"full sampling"	"missing child term"	"not documented"	"U"	"N2"	6239		"ANN"	"08.08.2016"	"see issue#53, biological replicates"	
"GSM685488.CEL"	"GSE27677"	"A-AFFY-60"	2	2			"UBERON:0000465"	"material anatomical entity"	"WBls:0000041"	"adult"	"C.elegans"	"day 2 of adulthood + 12h"	"N2, Fast 12 h, rep 1"				"other"	"full sampling"	"missing child term"	"not documented"	"U"	"N2"	6239		"ANN"	"08.08.2016"	"see issue#53, biological replicates"	
"GSM685489.CEL"	"GSE27677"	"A-AFFY-60"	2	2			"UBERON:0000465"	"material anatomical entity"	"WBls:0000041"	"adult"	"C.elegans"	"day 2 of adulthood + 12h"	"N2, Fast 12 h, rep 2"				"other"	"full sampling"	"missing child term"	"not documented"	"U"	"N2"	6239		"ANN"	"08.08.2016"	"see issue#53, biological replicates"	
"GSM685490.CEL"	"GSE27677"	"A-AFFY-60"	2	2			"UBERON:0000465"	"material anatomical entity"	"WBls:0000041"	"adult"	"C.elegans"	"day 2 of adulthood + 18h"	"N2, Fast 18 h, rep 1"				"other"	"full sampling"	"missing child term"	"not documented"	"U"	"N2"	6239		"ANN"	"08.08.2016"	"see issue#53, biological replicates"	
"GSM685491.CEL"	"GSE27677"	"A-AFFY-60"	2	2			"UBERON:0000465"	"material anatomical entity"	"WBls:0000041"	"adult"	"C.elegans"	"day 2 of adulthood + 18h"	"N2, Fast 18 h, rep 2"				"other"	"full sampling"	"missing child term"	"not documented"	"U"	"N2"	6239		"ANN"	"08.08.2016"	"see issue#53, biological replicates"	
"GSM685492.CEL"	"GSE27677"	"A-AFFY-60"	2	2			"UBERON:0000465"	"material anatomical entity"	"WBls:0000041"	"adult"	"C.elegans"	"day 2 of adulthood + 24h"	"N2, Fast 24 h, rep 1"				"other"	"full sampling"	"missing child term"	"not documented"	"U"	"N2"	6239		"ANN"	"08.08.2016"	"see issue#53, biological replicates"	
"GSM685493.CEL"	"GSE27677"	"A-AFFY-60"	2	2			"UBERON:0000465"	"material anatomical entity"	"WBls:0000041"	"adult"	"C.elegans"	"day 2 of adulthood + 24h"	"N2, Fast 24 h, rep 2"				"other"	"full sampling"	"missing child term"	"not documented"	"U"	"N2"	6239		"ANN"	"08.08.2016"	"see issue#53, biological replicates"	
"GSM685494.CEL"	"GSE27677"	"A-AFFY-60"	2	2			"UBERON:0000465"	"material anatomical entity"	"WBls:0000041"	"adult"	"C.elegans"	"day 2 of adulthood + 36h"	"N2, Fast 36 h, rep 1"				"other"	"full sampling"	"missing child term"	"not documented"	"U"	"N2"	6239		"ANN"	"08.08.2016"	"see issue#53, biological replicates"	
"GSM685495.CEL"	"GSE27677"	"A-AFFY-60"	2	2			"UBERON:0000465"	"material anatomical entity"	"WBls:0000041"	"adult"	"C.elegans"	"day 2 of adulthood + 36h"	"N2, Fast 36 h, rep 2"				"other"	"full sampling"	"missing child term"	"not documented"	"U"	"N2"	6239		"ANN"	"08.08.2016"	"see issue#53, biological replicates"	
"GSM685496.CEL"	"GSE27677"	"A-AFFY-60"	2	2			"UBERON:0000465"	"material anatomical entity"	"WBls:0000041"	"adult"	"C.elegans"	"day 2 of adulthood + 48h"	"N2, Fast 48 h, rep 1"				"other"	"full sampling"	"missing child term"	"not documented"	"U"	"N2"	6239		"ANN"	"08.08.2016"	"see issue#53, biological replicates"	
"GSM685497.CEL"	"GSE27677"	"A-AFFY-60"	2	2			"UBERON:0000465"	"material anatomical entity"	"WBls:0000041"	"adult"	"C.elegans"	"day 2 of adulthood + 48h"	"N2, Fast 48 h, rep 2"				"other"	"full sampling"	"missing child term"	"not documented"	"U"	"N2"	6239		"ANN"	"08.08.2016"	"see issue#53, biological replicates"	
"GSM685498.CEL"	"GSE27677"	"A-AFFY-60"	2	2			"UBERON:0000465"	"material anatomical entity"	"WBls:0000041"	"adult"	"C.elegans"	"day 2 of adulthood"	"N2, Fed , rep 1"				"other"	"full sampling"	"missing child term"	"not documented"	"U"	"N2"	6239		"ANN"	"08.08.2016"	"see issue#53, biological replicates"	
"GSM685499.CEL"	"GSE27677"	"A-AFFY-60"	2	2			"UBERON:0000465"	"material anatomical entity"	"WBls:0000041"	"adult"	"C.elegans"	"day 2 of adulthood"	"N2, Fed , rep 2"				"other"	"full sampling"	"missing child term"	"not documented"	"U"	"N2"	6239		"ANN"	"08.08.2016"	"see issue#53, biological replicates"	
"GSM685500.CEL"	"GSE27677"	"A-AFFY-60"	2	2			"UBERON:0000465"	"material anatomical entity"	"WBls:0000041"	"adult"	"C.elegans"	"day 2 of adulthood"	"N2, Fed , rep 3"				"other"	"full sampling"	"missing child term"	"not documented"	"U"	"N2"	6239		"ANN"	"08.08.2016"	"see issue#53, biological replicates"	
"GSM685501.CEL"	"GSE27677"	"A-AFFY-60"	2	2			"UBERON:0000465"	"material anatomical entity"	"WBls:0000041"	"adult"	"C.elegans"	"day 2 of adulthood"	"N2, Fast , rep 1"				"other"	"full sampling"	"missing child term"	"not documented"	"U"	"N2"	6239		"ANN"	"08.08.2016"	"see issue#53, biological replicates"	
"GSM685502.CEL"	"GSE27677"	"A-AFFY-60"	2	2			"UBERON:0000465"	"material anatomical entity"	"WBls:0000041"	"adult"	"C.elegans"	"day 2 of adulthood"	"N2, Fast , rep 2"				"other"	"full sampling"	"missing child term"	"not documented"	"U"	"N2"	6239		"ANN"	"08.08.2016"	"see issue#53, biological replicates"	
"GSM685503.CEL"	"GSE27677"	"A-AFFY-60"	2	2			"UBERON:0000465"	"material anatomical entity"	"WBls:0000041"	"adult"	"C.elegans"	"day 2 of adulthood"	"N2, Fast , rep 3"				"other"	"full sampling"	"missing child term"	"not documented"	"U"	"N2"	6239		"ANN"	"08.08.2016"	"see issue#53, biological replicates"	
"GSM866671.CEL"	"GSE35354"	"A-AFFY-60"	2	2			"UBERON:0000465"	"material anatomical entity"	"WBls:0000038"	"L4 larva"	"whole animal"	"larvae (L4)"					"other"	"full sampling"	"perfect match"	"not documented"	"U"	"N2"	6239		"ANN"	"08.08.2016"	"see issue#53, biological replicates"	
"GSM866672.CEL"	"GSE35354"	"A-AFFY-60"	2	2			"UBERON:0000465"	"material anatomical entity"	"WBls:0000038"	"L4 larva"	"whole animal"	"larvae (L4)"					"other"	"full sampling"	"perfect match"	"not documented"	"U"	"N2"	6239		"ANN"	"08.08.2016"	"see issue#53, biological replicates"	
"GSM866673.CEL"	"GSE35354"	"A-AFFY-60"	2	2			"UBERON:0000465"	"material anatomical entity"	"WBls:0000038"	"L4 larva"	"whole animal"	"larvae (L4)"					"other"	"full sampling"	"perfect match"	"not documented"	"U"	"N2"	6239		"ANN"	"08.08.2016"	"see issue#53, biological replicates"	
"GSM1034592.CEL"	"GSE42192"	"A-AFFY-60"	2	2			"UBERON:0000465"	"material anatomical entity"	"WBls:0000041"	"adult"	"C.elegans"	"adult "	"C.elegans fed with E.coli OP50 3 days rep1"				"other"	"full sampling"	"other"	"not documented"	"U"	"N2"	6239		"ANN"	"08.08.2016"	"see issue#53, biological replicates"	
"GSM1034593.CEL"	"GSE42192"	"A-AFFY-60"	2	2			"UBERON:0000465"	"material anatomical entity"	"WBls:0000041"	"adult"	"C.elegans"	"adult "	"C.elegans fed with E.coli OP50 3 days rep2"				"other"	"full sampling"	"other"	"not documented"	"U"	"N2"	6239		"ANN"	"08.08.2016"	"see issue#53, biological replicates"	
"GSM1034594.CEL"	"GSE42192"	"A-AFFY-60"	2	2			"UBERON:0000465"	"material anatomical entity"	"WBls:0000041"	"adult"	"C.elegans"	"adult "	"C.elegans fed with E.coli OP50 3 days rep3"				"other"	"full sampling"	"other"	"not documented"	"U"	"N2"	6239		"ANN"	"08.08.2016"	"see issue#53, biological replicates"	
"GSM1034595.CEL"	"GSE42192"	"A-AFFY-60"	2	2			"UBERON:0000465"	"material anatomical entity"	"WBls:0000041"	"adult"	"C.elegans"	"adult "	"C.elegans fed with CNCM I-3690 3 days rep1"				"other"	"full sampling"	"other"	"not documented"	"U"	"N2"	6239		"ANN"	"08.08.2016"	"see issue#53, biological replicates"	
"GSM1034596.CEL"	"GSE42192"	"A-AFFY-60"	2	2			"UBERON:0000465"	"material anatomical entity"	"WBls:0000041"	"adult"	"C.elegans"	"adult "	"C.elegans fed with CNCM I-3690 3 days rep2"				"other"	"full sampling"	"other"	"not documented"	"U"	"N2"	6239		"ANN"	"08.08.2016"	"see issue#53, biological replicates"	
"GSM1034597.CEL"	"GSE42192"	"A-AFFY-60"	2	2			"UBERON:0000465"	"material anatomical entity"	"WBls:0000041"	"adult"	"C.elegans"	"adult "	"C.elegans fed with CNCM I-3690 3 days rep3"				"other"	"full sampling"	"other"	"not documented"	"U"	"N2"	6239		"ANN"	"08.08.2016"	"see issue#53, biological replicates"	
"GSM1034598.CEL"	"GSE42192"	"A-AFFY-60"	2	2			"UBERON:0000465"	"material anatomical entity"	"WBls:0000041"	"adult"	"C.elegans"	"adult "	"C.elegans fed with CNCM I-4317 3 days rep1"				"other"	"full sampling"	"other"	"not documented"	"U"	"N2"	6239		"ANN"	"08.08.2016"	"see issue#53, biological replicates"	
"GSM1034599.CEL"	"GSE42192"	"A-AFFY-60"	2	2			"UBERON:0000465"	"material anatomical entity"	"WBls:0000041"	"adult"	"C.elegans"	"adult "	"C.elegans fed with CNCM I-4317 3 days rep2"				"other"	"full sampling"	"other"	"not documented"	"U"	"N2"	6239		"ANN"	"08.08.2016"	"see issue#53, biological replicates"	
"GSM1034600.CEL"	"GSE42192"	"A-AFFY-60"	2	2			"UBERON:0000465"	"material anatomical entity"	"WBls:0000041"	"adult"	"C.elegans"	"adult "	"C.elegans fed with CNCM I-4317 3 days rep3"				"other"	"full sampling"	"other"	"not documented"	"U"	"N2"	6239		"ANN"	"08.08.2016"	"see issue#53, biological replicates"	
"GSM1034601.CEL"	"GSE42192"	"A-AFFY-60"	2	2			"UBERON:0000465"	"material anatomical entity"	"WBls:0000041"	"adult"	"C.elegans"	"adult "	"C.elegans fed with E.coli OP50 10 days rep1"				"other"	"full sampling"	"other"	"not documented"	"U"	"N2"	6239		"ANN"	"08.08.2016"	"see issue#53, biological replicates"	
"GSM1034602.CEL"	"GSE42192"	"A-AFFY-60"	2	2			"UBERON:0000465"	"material anatomical entity"	"WBls:0000041"	"adult"	"C.elegans"	"adult "	"C.elegans fed with E.coli OP50 10 days rep2"				"other"	"full sampling"	"other"	"not documented"	"U"	"N2"	6239		"ANN"	"08.08.2016"	"see issue#53, biological replicates"	
"GSM1034603.CEL"	"GSE42192"	"A-AFFY-60"	2	2			"UBERON:0000465"	"material anatomical entity"	"WBls:0000041"	"adult"	"C.elegans"	"adult "	"C.elegans fed with E.coli OP50 10 days rep3"				"other"	"full sampling"	"other"	"not documented"	"U"	"N2"	6239		"ANN"	"08.08.2016"	"see issue#53, biological replicates"	
"GSM1034604.CEL"	"GSE42192"	"A-AFFY-60"	2	2			"UBERON:0000465"	"material anatomical entity"	"WBls:0000041"	"adult"	"C.elegans"	"adult "	"C.elegans fed with CNCM I-3690 10 days rep1"				"other"	"full sampling"	"other"	"not documented"	"U"	"N2"	6239		"ANN"	"08.08.2016"	"see issue#53, biological replicates"	
"GSM1034605.CEL"	"GSE42192"	"A-AFFY-60"	2	2			"UBERON:0000465"	"material anatomical entity"	"WBls:0000041"	"adult"	"C.elegans"	"adult "	"C.elegans fed with CNCM I-3690 10 days rep2"				"other"	"full sampling"	"other"	"not documented"	"U"	"N2"	6239		"ANN"	"08.08.2016"	"see issue#53, biological replicates"	
"GSM1034606.CEL"	"GSE42192"	"A-AFFY-60"	2	2			"UBERON:0000465"	"material anatomical entity"	"WBls:0000041"	"adult"	"C.elegans"	"adult "	"C.elegans fed with CNCM I-3690 10 days rep3"				"other"	"full sampling"	"other"	"not documented"	"U"	"N2"	6239		"ANN"	"08.08.2016"	"see issue#53, biological replicates"	
"GSM1034607.CEL"	"GSE42192"	"A-AFFY-60"	2	2			"UBERON:0000465"	"material anatomical entity"	"WBls:0000041"	"adult"	"C.elegans"	"adult "	"C.elegans fed with CNCM I-4317 10 days rep1"				"other"	"full sampling"	"other"	"not documented"	"U"	"N2"	6239		"ANN"	"08.08.2016"	"see issue#53, biological replicates"	
"GSM1034608.CEL"	"GSE42192"	"A-AFFY-60"	2	2			"UBERON:0000465"	"material anatomical entity"	"WBls:0000041"	"adult"	"C.elegans"	"adult "	"C.elegans fed with CNCM I-4317 10 days rep2"				"other"	"full sampling"	"other"	"not documented"	"U"	"N2"	6239		"ANN"	"08.08.2016"	"see issue#53, biological replicates"	
"GSM1034609.CEL"	"GSE42192"	"A-AFFY-60"	2	2			"UBERON:0000465"	"material anatomical entity"	"WBls:0000041"	"adult"	"C.elegans"	"adult "	"C.elegans fed with CNCM I-4317 10 days rep3"				"other"	"full sampling"	"other"	"not documented"	"U"	"N2"	6239		"ANN"	"08.08.2016"	"see issue#53, biological replicates"	
"GSM705443.CEL"	"GSE28494"	"A-AFFY-60"	2	2			"UBERON:0000465"	"material anatomical entity"	"WBls:0000003"	"embryo"	"embryos"	"embryos"					"other"	"full sampling"	"perfect match"	"not documented"	"U"	"N2"	6239		"ANN"	"08.08.2016"	"see issue#53, biological replicates"	
"GSM705444.CEL"	"GSE28494"	"A-AFFY-60"	2	2			"UBERON:0000465"	"material anatomical entity"	"WBls:0000003"	"embryo"	"embryos"	"embryos"					"other"	"full sampling"	"perfect match"	"not documented"	"U"	"N2"	6239		"ANN"	"08.08.2016"	"see issue#53, biological replicates"	
"GSM705445.CEL"	"GSE28494"	"A-AFFY-60"	2	2			"UBERON:0000465"	"material anatomical entity"	"WBls:0000003"	"embryo"	"embryos"	"embryos"					"other"	"full sampling"	"perfect match"	"not documented"	"U"	"N2"	6239		"ANN"	"08.08.2016"	"see issue#53, biological replicates"	
"GSM705449.CEL"	"GSE28494"	"A-AFFY-60"	2	2			"WBbt:0005784"	"germ line"	"WBls:0000041"	"adult"	"germline dissected from adult"	"24 hours after L4 stage"					"perfect match"	"full sampling"	"other"	"not documented"	"U"	"N2"	6239		"ANN"	"08.08.2016"	"see issue#53, biological replicates"	
"GSM705450.CEL"	"GSE28494"	"A-AFFY-60"	2	2			"WBbt:0005784"	"germ line"	"WBls:0000041"	"adult"	"germline dissected from adult"	"24 hours after L4 stage"					"perfect match"	"full sampling"	"other"	"not documented"	"U"	"N2"	6239		"ANN"	"08.08.2016"	"see issue#53, biological replicates"	
"GSM705451.CEL"	"GSE28494"	"A-AFFY-60"	2	2			"WBbt:0005784"	"germ line"	"WBls:0000041"	"adult"	"germline dissected from adult"	"24 hours after L4 stage"					"perfect match"	"full sampling"	"other"	"not documented"	"U"	"N2"	6239		"ANN"	"08.08.2016"	"see issue#53, biological replicates"	
"GSM1074920.CEL"	"GSE43952"	"A-AFFY-60"	2	2			"UBERON:0000465"	"material anatomical entity"	"WBls:0000041"	"adult"	"C.elegans"	"Gravid adult"					"other"	"full sampling"	"other"	"not documented"	"U"	"N2"	6239		"ANN"	"08.08.2016"	"see issue#53, biological replicates, diet Comamonas DA1877"	
"GSM1074921.CEL"	"GSE43952"	"A-AFFY-60"	2	2			"UBERON:0000465"	"material anatomical entity"	"WBls:0000041"	"adult"	"C.elegans"	"Gravid adult"					"other"	"full sampling"	"other"	"not documented"	"U"	"N2"	6239		"ANN"	"08.08.2016"	"see issue#53, biological replicates, diet Comamonas DA1877"	
"GSM1074922.CEL"	"GSE43952"	"A-AFFY-60"	2	2			"UBERON:0000465"	"material anatomical entity"	"WBls:0000041"	"adult"	"C.elegans"	"Gravid adult"					"other"	"full sampling"	"other"	"not documented"	"U"	"N2"	6239		"ANN"	"08.08.2016"	"see issue#53, biological replicates, diet Comamonas DA1877"	
"GSM1595814.CEL"	"GSE65417"	"A-AFFY-60"	2	2			"UBERON:0000465"	"material anatomical entity"	"WBls:0000064"	"1-day post-L4 adult hermaphrodite"	"whole animal"	"NA "					"other"	"full sampling "	"perfect match"	"not documented"	"H"	"NA"	6239		"JR"	"08.08.2016"	"GSM1595814_N2-1_021110.CEL.gz"	
"GSM1595815.CEL"	"GSE65417"	"A-AFFY-60"	2	2			"UBERON:0000465"	"material anatomical entity"	"WBls:0000064"	"1-day post-L4 adult hermaphrodite"	"whole animal"	"NA "					"other"	"full sampling "	"perfect match"	"not documented"	"H"	"NA"	6239		"JR"	"08.08.2016"	"GSM1595815_N2-2_021110.CEL.gz"	
"GSM1595816.CEL"	"GSE65417"	"A-AFFY-60"	2	2			"UBERON:0000465"	"material anatomical entity"	"WBls:0000064"	"1-day post-L4 adult hermaphrodite"	"whole animal"	"NA "					"other"	"full sampling "	"perfect match"	"not documented"	"H"	"NA"	6239		"JR"	"08.08.2016"	"GSM1595816_N2-3_021110.CEL.gz"	
"GSM1101648.CEL"	"GSE45292"	"A-AFFY-60"	2	2			"UBERON:0000465"	"material anatomical entity"	"WBls:0000673"	"9-days post-L4 adult hermaphrodite Ce (C elegans)"	"whole animal"	"NA "					"other"	"full sampling "	"perfect match"	"not documented"	"H"	"NA"	6239	"Control sample of DMSO treated N2 worms."	"JR"	"08.08.2016"	"GSM1101648_SET-I_CONTROL-II_Celegans_.CEL.gz"	
"GSM1101649.CEL"	"GSE45292"	"A-AFFY-60"	2	2			"UBERON:0000465"	"material anatomical entity"	"WBls:0000673"	"9-days post-L4 adult hermaphrodite Ce (C elegans)"	"whole animal"	"NA "					"other"	"full sampling "	"perfect match"	"not documented"	"H"	"NA"	6239	"Control sample of DMSO treated N2 worms."	"JR"	"08.08.2016"	"GSM1101649_SET-II_CONTROL-I_Celegans_.CEL.gz"	
"GSM1679392.CEL"	"GSE68709"	"A-AFFY-60"	2	2			"UBERON:0000465"	"material anatomical entity"	"WBls:0000064"	"1-day post-L4 adult hermaphrodite"	"whole animal"	"NA "					"other"	"full sampling "	"perfect match"	"not documented"	"H"	"NA"	6239	"Exposed to control water sample."	"JR"	"08.08.2016"	"GSM1679392_1A.CEL.gz"	
"GSM1679393.CEL"	"GSE68709"	"A-AFFY-60"	2	2			"UBERON:0000465"	"material anatomical entity"	"WBls:0000064"	"1-day post-L4 adult hermaphrodite"	"whole animal"	"NA "					"other"	"full sampling "	"perfect match"	"not documented"	"H"	"NA"	6239	"Exposed to control water sample."	"JR"	"08.08.2016"	"GSM1679393_1B.CEL.gz"	
"GSM1679394.CEL"	"GSE68709"	"A-AFFY-60"	2	2			"UBERON:0000465"	"material anatomical entity"	"WBls:0000064"	"1-day post-L4 adult hermaphrodite"	"whole animal"	"NA "					"other"	"full sampling "	"perfect match"	"not documented"	"H"	"NA"	6239	"Exposed to control water sample."	"JR"	"08.08.2016"	"GSM1679394_1C.CEL.gz"	
"GSM1679395.CEL"	"GSE68709"	"A-AFFY-60"	2	2			"UBERON:0000465"	"material anatomical entity"	"WBls:0000064"	"1-day post-L4 adult hermaphrodite"	"whole animal"	"NA "					"other"	"full sampling "	"perfect match"	"not documented"	"H"	"NA"	6239	"Exposed to control Z-Medium sample."	"JR"	"08.08.2016"	"GSM1679395_2A.CEL.gz"	
"GSM1679396.CEL"	"GSE68709"	"A-AFFY-60"	2	2			"UBERON:0000465"	"material anatomical entity"	"WBls:0000064"	"1-day post-L4 adult hermaphrodite"	"whole animal"	"NA "					"other"	"full sampling "	"perfect match"	"not documented"	"H"	"NA"	6239	"Exposed to control Z-Medium sample."	"JR"	"08.08.2016"	"GSM1679396_2B.CEL.gz"	
"GSM1679397.CEL"	"GSE68709"	"A-AFFY-60"	2	2			"UBERON:0000465"	"material anatomical entity"	"WBls:0000064"	"1-day post-L4 adult hermaphrodite"	"whole animal"	"NA "					"other"	"full sampling "	"perfect match"	"not documented"	"H"	"NA"	6239	"Exposed to control Z-Medium sample."	"JR"	"08.08.2016"	"GSM1679397_2C.CEL.gz"	
"GSM2092609.CEL"	"GSE52747"	"A-AFFY-60"	2	2			"UBERON:0000465"	"material anatomical entity"	"WBls:0000035"	"L3 larva"	"whole animal"	"NA "					"other"	"full sampling "	"perfect match"	"not documented"	"H"	"NA"	6239		"JR"	"08.08.2016"	"GSM2092609_05-27-09_MKrause2N_DE_L_Celegans_2N2.CEL.gz"	
"GSM2092610.CEL"	"GSE52747"	"A-AFFY-60"	2	2			"UBERON:0000465"	"material anatomical entity"	"WBls:0000035"	"L3 larva"	"whole animal"	"NA "					"other"	"full sampling "	"perfect match"	"not documented"	"H"	"NA"	6239		"JR"	"08.08.2016"	"GSM2092610_05-27-09_MKrause3N_DE_L_Celegans_3N2.CEL.gz"	
"GSM2092611.CEL"	"GSE52747"	"A-AFFY-60"	2	2			"UBERON:0000465"	"material anatomical entity"	"WBls:0000035"	"L3 larva"	"whole animal"	"NA "					"other"	"full sampling "	"perfect match"	"not documented"	"H"	"NA"	6239		"JR"	"08.08.2016"	"GSM2092611_05-27-09_MKrause4N_DE_L_Celegans_4N2.CEL.gz"	
"GSM1850240.CEL"	"GSE72029"	"A-AFFY-60"	2	2			"UBERON:0000465"	"material anatomical entity"	"WBls:0000064"	"1-day post-L4 adult hermaphrodite"	"whole animal"	"NA "					"other"	"full sampling "	"perfect match"	"not documented"	"H"	"NA"	6239		"JR"	"08.08.2016"	"GSM1850240_N2_OP50_prep_9.CEL.gz"	
"GSM1850241.CEL"	"GSE72029"	"A-AFFY-60"	2	2			"UBERON:0000465"	"material anatomical entity"	"WBls:0000064"	"1-day post-L4 adult hermaphrodite"	"whole animal"	"NA "					"other"	"full sampling "	"perfect match"	"not documented"	"H"	"NA"	6239		"JR"	"08.08.2016"	"GSM1850241_N2_OP50_prep_15.CEL.gz"	
"GSM1850242.CEL"	"GSE72029"	"A-AFFY-60"	2	2			"UBERON:0000465"	"material anatomical entity"	"WBls:0000064"	"1-day post-L4 adult hermaphrodite"	"whole animal"	"NA "					"other"	"full sampling "	"perfect match"	"not documented"	"H"	"NA"	6239		"JR"	"08.08.2016"	"GSM1850242_N2_OP50_prep_30.CEL.gz"	
"GSM1850243.CEL"	"GSE72029"	"A-AFFY-60"	2	2			"UBERON:0000465"	"material anatomical entity"	"WBls:0000064"	"1-day post-L4 adult hermaphrodite"	"whole animal"	"NA "					"other"	"full sampling "	"perfect match"	"not documented"	"H"	"NA"	6239		"JR"	"08.08.2016"	"GSM1850243_N2_PA14_prep_9.CEL.gz"	
"GSM1850244.CEL"	"GSE72029"	"A-AFFY-60"	2	2			"UBERON:0000465"	"material anatomical entity"	"WBls:0000064"	"1-day post-L4 adult hermaphrodite"	"whole animal"	"NA "					"other"	"full sampling "	"perfect match"	"not documented"	"H"	"NA"	6239		"JR"	"08.08.2016"	"GSM1850244_N2_PA14_prep_15.CEL.gz"	
"GSM1850245.CEL"	"GSE72029"	"A-AFFY-60"	2	2			"UBERON:0000465"	"material anatomical entity"	"WBls:0000064"	"1-day post-L4 adult hermaphrodite"	"whole animal"	"NA "					"other"	"full sampling "	"perfect match"	"not documented"	"H"	"NA"	6239		"JR"	"08.08.2016"	"GSM1850245_N2_PA14_prep-30.CEL.gz"	
"GSM1111283.CEL"	"GSE45651"	"A-AFFY-60"	2	2			"UBERON:0000465"	"material anatomical entity"	"WBls:0000024"	"L1 larva"	"whole animal"	"NA "					"other"	"full sampling "	"perfect match"	"not documented"	"H"	"NA"	6239		"JR"	"08.08.2016"	"GSM1111283_wild_typ_starved_L1_replicate_1.CEL.gz"	
"GSM1111284.CEL"	"GSE45651"	"A-AFFY-60"	2	2			"UBERON:0000465"	"material anatomical entity"	"WBls:0000024"	"L1 larva"	"whole animal"	"NA "					"other"	"full sampling "	"perfect match"	"not documented"	"H"	"NA"	6239		"JR"	"08.08.2016"	"GSM1111284_wild_typ_starved_L1_replicate_2.CEL.gz"	
"GSM1111285.CEL"	"GSE45651"	"A-AFFY-60"	2	2			"UBERON:0000465"	"material anatomical entity"	"WBls:0000024"	"L1 larva"	"whole animal"	"NA "					"other"	"full sampling "	"perfect match"	"not documented"	"H"	"NA"	6239		"JR"	"08.08.2016"	"GSM1111285_wild_typ_starved_L1_replicate_3.CEL.gz"	
